INSTURCTION TYPE,PC,INSTRUCTION,IMMEDIATE,FUNCT7,RS2,RS1,FUNCT3,RD,OPCODE,BRANCH,MEMREAD,MEMTOREG,MEMWRITE,ALUOP,REGW,ALUOPCODE,ALUSRC,DATA1OUT,DATA2OUT,DATA2IN,C,Z,ALUOUT,ADDR,WRDATAMEM,MEMOUT,WRDATAREG, REG5,REG6, REG7, REG8, REG9, REG18, REG19, REG20, REG21, REG22, REG23, REG24,REG25, REG26, REG27, REG28, REG29, REG30, REG31
ld-type,00000,00000000001000000011001010000011,00000000000000000000000000000010,0000000,00000,00000,011,00101,0000011,0,1,1,0,00,1,0000,1,,,IMMEDIATE,,,,ALUOUT[7downto0],DATA2OUT,,MEMOUT,,,,,,,,,,,,,,,,,,,
ld-type,00001,00000000001000000011001100000011,00000000000000000000000000000010,0000000,00000,00000,011,00110,0000011,0,1,1,0,00,1,0000,1,,,IMMEDIATE,,,,ALUOUT[7downto0],DATA2OUT,,MEMOUT,,,,,,,,,,,,,,,,,,,
ld-type,00010,00000000001000000011001110000011,00000000000000000000000000000010,0000000,00000,00000,011,00111,0000011,0,1,1,0,00,1,0000,1,,,IMMEDIATE,,,,ALUOUT[7downto0],DATA2OUT,,MEMOUT,,,,,,,,,,,,,,,,,,,
ld-type,00011,00000000001000000011010000000011,00000000000000000000000000000010,0000000,00000,00000,011,01000,0000011,0,1,1,0,00,1,0000,1,,,IMMEDIATE,,,,ALUOUT[7downto0],DATA2OUT,,MEMOUT,,,,,,,,,,,,,,,,,,,
ld-type,00100,00000000001000000011010010000011,00000000000000000000000000000010,0000000,00000,00000,011,01001,0000011,0,1,1,0,00,1,0000,1,,,IMMEDIATE,,,,ALUOUT[7downto0],DATA2OUT,,MEMOUT,,,,,,,,,,,,,,,,,,,
ld-type,00101,00000000001000000011100100000011,00000000000000000000000000000010,0000000,00000,00000,011,10010,0000011,0,1,1,0,00,1,0000,1,,,IMMEDIATE,,,,ALUOUT[7downto0],DATA2OUT,,MEMOUT,,,,,,,,,,,,,,,,,,,
ld-type,00110,00000000001000000011100110000011,00000000000000000000000000000010,0000000,00000,00000,011,10011,0000011,0,1,1,0,00,1,0000,1,,,IMMEDIATE,,,,ALUOUT[7downto0],DATA2OUT,,MEMOUT,,,,,,,,,,,,,,,,,,,
ld-type,00111,00000000001000000011101000000011,00000000000000000000000000000010,0000000,00000,00000,011,10100,0000011,0,1,1,0,00,1,0000,1,,,IMMEDIATE,,,,ALUOUT[7downto0],DATA2OUT,,MEMOUT,,,,,,,,,,,,,,,,,,,
ld-type,01000,00000000001000000011101010000011,00000000000000000000000000000010,0000000,00000,00000,011,10101,0000011,0,1,1,0,00,1,0000,1,,,IMMEDIATE,,,,ALUOUT[7downto0],DATA2OUT,,MEMOUT,,,,,,,,,,,,,,,,,,,
ld-type,01001,00000000001000000011101100000011,00000000000000000000000000000010,0000000,00000,00000,011,10110,0000011,0,1,1,0,00,1,0000,1,,,IMMEDIATE,,,,ALUOUT[7downto0],DATA2OUT,,MEMOUT,,,,,,,,,,,,,,,,,,,
ld-type,01010,00000000001000000011101110000011,00000000000000000000000000000010,0000000,00000,00000,011,10111,0000011,0,1,1,0,00,1,0000,1,,,IMMEDIATE,,,,ALUOUT[7downto0],DATA2OUT,,MEMOUT,,,,,,,,,,,,,,,,,,,
ld-type,01011,00000000001000000011110000000011,00000000000000000000000000000010,0000000,00000,00000,011,11000,0000011,0,1,1,0,00,1,0000,1,,,IMMEDIATE,,,,ALUOUT[7downto0],DATA2OUT,,MEMOUT,,,,,,,,,,,,,,,,,,,
ld-type,01100,00000000001000000011110010000011,00000000000000000000000000000010,0000000,00000,00000,011,11001,0000011,0,1,1,0,00,1,0000,1,,,IMMEDIATE,,,,ALUOUT[7downto0],DATA2OUT,,MEMOUT,,,,,,,,,,,,,,,,,,,
ld-type,01101,00000000001000000011110100000011,00000000000000000000000000000010,0000000,00000,00000,011,11010,0000011,0,1,1,0,00,1,0000,1,,,IMMEDIATE,,,,ALUOUT[7downto0],DATA2OUT,,MEMOUT,,,,,,,,,,,,,,,,,,,
ld-type,01110,00000000001000000011110110000011,00000000000000000000000000000010,0000000,00000,00000,011,11011,0000011,0,1,1,0,00,1,0000,1,,,IMMEDIATE,,,,ALUOUT[7downto0],DATA2OUT,,MEMOUT,,,,,,,,,,,,,,,,,,,
ld-type,01111,00000000001000000011111000000011,00000000000000000000000000000010,0000000,00000,00000,011,11100,0000011,0,1,1,0,00,1,0000,1,,,IMMEDIATE,,,,ALUOUT[7downto0],DATA2OUT,,MEMOUT,,,,,,,,,,,,,,,,,,,
ld-type,10000,00000000001000000011111010000011,00000000000000000000000000000010,0000000,00000,00000,011,11101,0000011,0,1,1,0,00,1,0000,1,,,IMMEDIATE,,,,ALUOUT[7downto0],DATA2OUT,,MEMOUT,,,,,,,,,,,,,,,,,,,
ld-type,10001,00000000001000000011111100000011,00000000000000000000000000000010,0000000,00000,00000,011,11110,0000011,0,1,1,0,00,1,0000,1,,,IMMEDIATE,,,,ALUOUT[7downto0],DATA2OUT,,MEMOUT,,,,,,,,,,,,,,,,,,,
ld-type,10010,00000000001000000011111110000011,00000000000000000000000000000010,0000000,00000,00000,011,11111,0000011,0,1,1,0,00,1,0000,1,,,IMMEDIATE,,,,ALUOUT[7downto0],DATA2OUT,,MEMOUT,,,,,,,,,,,,,,,,,,,
i-type,10011,00000001010111000000010000010011,00000000000000000000000000010101,0000000,00000,11000,000,01000,0010011,0,0,0,0,11,1,0000,1,,,IMMEDIATE,,,,ALUOUT[7downto0],DATA2OUT,XXXXXXXXXXXXXXXXXXXXXXXXXXXXXXXXXXXXXXXXXXXXXXXXXXXXXXXXXXXXXXXX,ALUOUT,,,,,,,,,,,,,,,,,,,
i-type,10100,00000001110100101001111110010011,00000000000000000000000000011101,0000000,00000,00101,001,11111,0010011,0,0,0,0,11,1,0001,1,,,IMMEDIATE,,,,ALUOUT[7downto0],DATA2OUT,XXXXXXXXXXXXXXXXXXXXXXXXXXXXXXXXXXXXXXXXXXXXXXXXXXXXXXXXXXXXXXXX,ALUOUT,,,,,,,,,,,,,,,,,,,
i-type,10101,00000001101110100100101000010011,00000000000000000000000000011011,0000000,00000,10100,100,10100,0010011,0,0,0,0,11,1,0100,1,,,IMMEDIATE,,,,ALUOUT[7downto0],DATA2OUT,XXXXXXXXXXXXXXXXXXXXXXXXXXXXXXXXXXXXXXXXXXXXXXXXXXXXXXXXXXXXXXXX,ALUOUT,,,,,,,,,,,,,,,,,,,
i-type,10110,00000000011010010101001010010011,00000000000000000000000000000110,0000000,00000,10010,101,00101,0010011,0,0,0,0,11,1,0101,1,,,IMMEDIATE,,,,ALUOUT[7downto0],DATA2OUT,XXXXXXXXXXXXXXXXXXXXXXXXXXXXXXXXXXXXXXXXXXXXXXXXXXXXXXXXXXXXXXXX,ALUOUT,,,,,,,,,,,,,,,,,,,
i-type,10111,01000000100011000101100110010011,00000000000000000000010000001000,0100000,00000,11000,101,10011,0010011,0,0,0,0,11,1,0011,1,,,IMMEDIATE,,,,ALUOUT[7downto0],DATA2OUT,XXXXXXXXXXXXXXXXXXXXXXXXXXXXXXXXXXXXXXXXXXXXXXXXXXXXXXXXXXXXXXXX,ALUOUT,,,,,,,,,,,,,,,,,,,
i-type,11000,00000001110010100110110100010011,00000000000000000000000000011100,0000000,00000,10100,110,11010,0010011,0,0,0,0,11,1,0110,1,,,IMMEDIATE,,,,ALUOUT[7downto0],DATA2OUT,XXXXXXXXXXXXXXXXXXXXXXXXXXXXXXXXXXXXXXXXXXXXXXXXXXXXXXXXXXXXXXXX,ALUOUT,,,,,,,,,,,,,,,,,,,
sb-type,11001,00000001111100111000000101100011,00000000000000000000000000000010,0000000,11111,00111,000,00000,1100011,1,0,X,0,01,0,0010,0,,,DATA2OUT,,,,ALUOUT[7downto0],DATA2OUT,XXXXXXXXXXXXXXXXXXXXXXXXXXXXXXXXXXXXXXXXXXXXXXXXXXXXXXXXXXXXXXXX,XXXXXXXXXXXXXXXXXXXXXXXXXXXXXXXXXXXXXXXXXXXXXXXXXXXXXXXXXXXXXXXX,,,,,,,,,,,,,,,,,,,
sb-type,11010,00000001110010101000000101100011,00000000000000000000000000000010,0000000,11100,10101,000,00000,1100011,1,0,X,0,01,0,0010,0,,,DATA2OUT,,,,ALUOUT[7downto0],DATA2OUT,XXXXXXXXXXXXXXXXXXXXXXXXXXXXXXXXXXXXXXXXXXXXXXXXXXXXXXXXXXXXXXXX,XXXXXXXXXXXXXXXXXXXXXXXXXXXXXXXXXXXXXXXXXXXXXXXXXXXXXXXXXXXXXXXX,,,,,,,,,,,,,,,,,,,
i-type,11011,00000001100111110111101010010011,00000000000000000000000000011001,0000000,00000,11110,111,10101,0010011,0,0,0,0,11,1,0111,1,,,IMMEDIATE,,,,ALUOUT[7downto0],DATA2OUT,XXXXXXXXXXXXXXXXXXXXXXXXXXXXXXXXXXXXXXXXXXXXXXXXXXXXXXXXXXXXXXXX,ALUOUT,,,,,,,,,,,,,,,,,,,
r-type,11100,00000001010010110000110000110011,00000001010010110000110000110011,0000000,10100,10110,000,11000,0110011,0,0,0,0,10,1,0000,0,,,DATA2OUT,,,,ALUOUT[7downto0],DATA2OUT,XXXXXXXXXXXXXXXXXXXXXXXXXXXXXXXXXXXXXXXXXXXXXXXXXXXXXXXXXXXXXXXX,ALUOUT,,,,,,,,,,,,,,,,,,,
r-type,11101,01000000100011001000101010110011,01000000100011001000101010110011,0100000,01000,11001,000,10101,0110011,0,0,0,0,10,1,0010,0,,,DATA2OUT,,,,ALUOUT[7downto0],DATA2OUT,XXXXXXXXXXXXXXXXXXXXXXXXXXXXXXXXXXXXXXXXXXXXXXXXXXXXXXXXXXXXXXXX,ALUOUT,,,,,,,,,,,,,,,,,,,
r-type,11110,00000001110001001001100100110011,00000001110001001001100100110011,0000000,11100,01001,001,10010,0110011,0,0,0,0,10,1,0001,0,,,DATA2OUT,,,,ALUOUT[7downto0],DATA2OUT,XXXXXXXXXXXXXXXXXXXXXXXXXXXXXXXXXXXXXXXXXXXXXXXXXXXXXXXXXXXXXXXX,ALUOUT,,,,,,,,,,,,,,,,,,,
sb-type,11111,00000000100110010001001001100011,00000000000000000000000000000100,0000000,01001,10010,001,00000,1100011,1,0,X,0,01,0,0010,0,,,DATA2OUT,,,,ALUOUT[7downto0],DATA2OUT,XXXXXXXXXXXXXXXXXXXXXXXXXXXXXXXXXXXXXXXXXXXXXXXXXXXXXXXXXXXXXXXX,XXXXXXXXXXXXXXXXXXXXXXXXXXXXXXXXXXXXXXXXXXXXXXXXXXXXXXXXXXXXXXXX,,,,,,,,,,,,,,,,,,,
sb-type,100000,00000000011000101001001001100011,00000000000000000000000000000100,0000000,00110,00101,001,00000,1100011,1,0,X,0,01,0,0010,0,,,DATA2OUT,,,,ALUOUT[7downto0],DATA2OUT,XXXXXXXXXXXXXXXXXXXXXXXXXXXXXXXXXXXXXXXXXXXXXXXXXXXXXXXXXXXXXXXX,XXXXXXXXXXXXXXXXXXXXXXXXXXXXXXXXXXXXXXXXXXXXXXXXXXXXXXXXXXXXXXXX,,,,,,,,,,,,,,,,,,,
r-type,100001,01100110011100111100010000110011,01100110011100111100010000110011,0110011,00111,00111,100,01000,0110011,0,0,0,0,10,1,0100,0,,,DATA2OUT,,,,ALUOUT[7downto0],DATA2OUT,XXXXXXXXXXXXXXXXXXXXXXXXXXXXXXXXXXXXXXXXXXXXXXXXXXXXXXXXXXXXXXXX,ALUOUT,,,,,,,,,,,,,,,,,,,
r-type,100010,00000000010111001101101010110011,00000000010111001101101010110011,0000000,00101,11001,101,10101,0110011,0,0,0,0,10,1,0101,0,,,DATA2OUT,,,,ALUOUT[7downto0],DATA2OUT,XXXXXXXXXXXXXXXXXXXXXXXXXXXXXXXXXXXXXXXXXXXXXXXXXXXXXXXXXXXXXXXX,ALUOUT,,,,,,,,,,,,,,,,,,,
r-type,100011,00100111111010110101100110110011,00100111111010110101100110110011,0010011,11110,10110,101,10011,0110011,0,0,0,0,10,1,0011,0,,,DATA2OUT,,,,ALUOUT[7downto0],DATA2OUT,XXXXXXXXXXXXXXXXXXXXXXXXXXXXXXXXXXXXXXXXXXXXXXXXXXXXXXXXXXXXXXXX,ALUOUT,,,,,,,,,,,,,,,,,,,
r-type,100100,00000000011010100110001010110011,00000000011010100110001010110011,0000000,00110,10100,110,00101,0110011,0,0,0,0,10,1,0110,0,,,DATA2OUT,,,,ALUOUT[7downto0],DATA2OUT,XXXXXXXXXXXXXXXXXXXXXXXXXXXXXXXXXXXXXXXXXXXXXXXXXXXXXXXXXXXXXXXX,ALUOUT,,,,,,,,,,,,,,,,,,,
r-type,100101,00000001110111110111101010110011,00000001110111110111101010110011,0000000,11101,11110,111,10101,0110011,0,0,0,0,10,1,0111,0,,,DATA2OUT,,,,ALUOUT[7downto0],DATA2OUT,XXXXXXXXXXXXXXXXXXXXXXXXXXXXXXXXXXXXXXXXXXXXXXXXXXXXXXXXXXXXXXXX,ALUOUT,,,,,,,,,,,,,,,,,,,
sb-type,100110,00000000100110010100001101100011,00000000000000000000000000000110,0000000,01001,10010,100,00000,1100011,1,0,X,0,01,0,0010,0,,,DATA2OUT,,,,ALUOUT[7downto0],DATA2OUT,XXXXXXXXXXXXXXXXXXXXXXXXXXXXXXXXXXXXXXXXXXXXXXXXXXXXXXXXXXXXXXXX,XXXXXXXXXXXXXXXXXXXXXXXXXXXXXXXXXXXXXXXXXXXXXXXXXXXXXXXXXXXXXXXX,,,,,,,,,,,,,,,,,,,
sb-type,100111,00000001111100111100001101100011,00000000000000000000000000000110,0000000,11111,00111,100,00000,1100011,1,0,X,0,01,0,0010,0,,,DATA2OUT,,,,ALUOUT[7downto0],DATA2OUT,XXXXXXXXXXXXXXXXXXXXXXXXXXXXXXXXXXXXXXXXXXXXXXXXXXXXXXXXXXXXXXXX,XXXXXXXXXXXXXXXXXXXXXXXXXXXXXXXXXXXXXXXXXXXXXXXXXXXXXXXXXXXXXXXX,,,,,,,,,,,,,,,,,,,
s-type,101000,00000001011100000111001100100011,00000000000000000000000000000110,0000000,10111,00000,111,00000,0100011,0,0,X,1,00,0,0000,1,,,IMMEDIATE,,,,ALUOUT[7downto0],DATA2OUT,XXXXXXXXXXXXXXXXXXXXXXXXXXXXXXXXXXXXXXXXXXXXXXXXXXXXXXXXXXXXXXXX,XXXXXXXXXXXXXXXXXXXXXXXXXXXXXXXXXXXXXXXXXXXXXXXXXXXXXXXXXXXXXXXX,,,,,,,,,,,,,,,,,,,
s-type,101001,00000000100100000111001110100011,00000000000000000000000000000111,0000000,01001,00000,111,00000,0100011,0,0,X,1,00,0,0000,1,,,IMMEDIATE,,,,ALUOUT[7downto0],DATA2OUT,XXXXXXXXXXXXXXXXXXXXXXXXXXXXXXXXXXXXXXXXXXXXXXXXXXXXXXXXXXXXXXXX,XXXXXXXXXXXXXXXXXXXXXXXXXXXXXXXXXXXXXXXXXXXXXXXXXXXXXXXXXXXXXXXX,,,,,,,,,,,,,,,,,,,
s-type,101010,00000001100100000111111100100011,00000000000000000000000000011110,0000000,11001,00000,111,00000,0100011,0,0,X,1,00,0,0000,1,,,IMMEDIATE,,,,ALUOUT[7downto0],DATA2OUT,XXXXXXXXXXXXXXXXXXXXXXXXXXXXXXXXXXXXXXXXXXXXXXXXXXXXXXXXXXXXXXXX,XXXXXXXXXXXXXXXXXXXXXXXXXXXXXXXXXXXXXXXXXXXXXXXXXXXXXXXXXXXXXXXX,,,,,,,,,,,,,,,,,,,
ld-type,101011,00000000011000000011010000000011,00000000000000000000000000000110,0000000,00000,00000,011,01000,0000011,0,1,1,0,00,1,0000,1,,,IMMEDIATE,,,,ALUOUT[7downto0],DATA2OUT,,MEMOUT,,,,,,,,,,,,,,,,,,,
ld-type,101100,00000000011100000011110000000011,00000000000000000000000000000111,0000000,00000,00000,011,11000,0000011,0,1,1,0,00,1,0000,1,,,IMMEDIATE,,,,ALUOUT[7downto0],DATA2OUT,,MEMOUT,,,,,,,,,,,,,,,,,,,
ld-type,101101,00000001111000000011111110000011,00000000000000000000000000011110,0000000,00000,00000,011,11111,0000011,0,1,1,0,00,1,0000,1,,,IMMEDIATE,,,,ALUOUT[7downto0],DATA2OUT,,MEMOUT,,,,,,,,,,,,,,,,,,,
i-type,101110,00000000001000000000001010010011,00000000000000000000000000000010,0000000,00000,00000,000,00101,0010011,0,0,0,0,11,1,0000,1,,,IMMEDIATE,,,,ALUOUT[7downto0],DATA2OUT,XXXXXXXXXXXXXXXXXXXXXXXXXXXXXXXXXXXXXXXXXXXXXXXXXXXXXXXXXXXXXXXX,ALUOUT,,,,,,,,,,,,,,,,,,,
i-type,101111,00000000001100000000001100010011,00000000000000000000000000000011,0000000,00000,00000,000,00110,0010011,0,0,0,0,11,1,0000,1,,,IMMEDIATE,,,,ALUOUT[7downto0],DATA2OUT,XXXXXXXXXXXXXXXXXXXXXXXXXXXXXXXXXXXXXXXXXXXXXXXXXXXXXXXXXXXXXXXX,ALUOUT,,,,,,,,,,,,,,,,,,,
r-type,110000,00000000000000000000001110110011,00000000000000000000001110110011,0000000,00000,00000,000,00111,0110011,0,0,0,0,10,1,0000,0,,,DATA2OUT,,,,ALUOUT[7downto0],DATA2OUT,XXXXXXXXXXXXXXXXXXXXXXXXXXXXXXXXXXXXXXXXXXXXXXXXXXXXXXXXXXXXXXXX,ALUOUT,,,,,,,,,,,,,,,,,,,
r-type,110001,00000000000000110000010000110011,00000000000000110000010000110011,0000000,00000,00110,000,01000,0110011,0,0,0,0,10,1,0000,0,,,DATA2OUT,,,,ALUOUT[7downto0],DATA2OUT,XXXXXXXXXXXXXXXXXXXXXXXXXXXXXXXXXXXXXXXXXXXXXXXXXXXXXXXXXXXXXXXX,ALUOUT,,,,,,,,,,,,,,,,,,,
sb-type,110010,00000000011101000000010101100011,00000000000000000000000000001010,0000000,00111,01000,000,00000,1100011,1,0,X,0,01,0,0010,0,,,DATA2OUT,,,,ALUOUT[7downto0],DATA2OUT,XXXXXXXXXXXXXXXXXXXXXXXXXXXXXXXXXXXXXXXXXXXXXXXXXXXXXXXXXXXXXXXX,XXXXXXXXXXXXXXXXXXXXXXXXXXXXXXXXXXXXXXXXXXXXXXXXXXXXXXXXXXXXXXXX,,,,,,,,,,,,,,,,,,,
sb-type,110011,00000000011101000100010001100011,00000000000000000000000000001000,0000000,00111,01000,100,00000,1100011,1,0,X,0,01,0,0010,0,,,DATA2OUT,,,,ALUOUT[7downto0],DATA2OUT,XXXXXXXXXXXXXXXXXXXXXXXXXXXXXXXXXXXXXXXXXXXXXXXXXXXXXXXXXXXXXXXX,XXXXXXXXXXXXXXXXXXXXXXXXXXXXXXXXXXXXXXXXXXXXXXXXXXXXXXXXXXXXXXXX,,,,,,,,,,,,,,,,,,,
i-type,110100,00000000000100111000001110010011,00000000000000000000000000000001,0000000,00000,00111,000,00111,0010011,0,0,0,0,11,1,0000,1,,,IMMEDIATE,,,,ALUOUT[7downto0],DATA2OUT,XXXXXXXXXXXXXXXXXXXXXXXXXXXXXXXXXXXXXXXXXXXXXXXXXXXXXXXXXXXXXXXX,ALUOUT,,,,,,,,,,,,,,,,,,,
sb-type,110101,00000000011000101001001001100011,00000000000000000000000000000100,0000000,00110,00101,001,00000,1100011,1,0,X,0,01,0,0010,0,,,DATA2OUT,,,,ALUOUT[7downto0],DATA2OUT,XXXXXXXXXXXXXXXXXXXXXXXXXXXXXXXXXXXXXXXXXXXXXXXXXXXXXXXXXXXXXXXX,XXXXXXXXXXXXXXXXXXXXXXXXXXXXXXXXXXXXXXXXXXXXXXXXXXXXXXXXXXXXXXXX,,,,,,,,,,,,,,,,,,,
i-type,110110,11111111111100101000001010010011,00000000000000000000111111111111,1111111,00000,00101,000,00101,0010011,0,0,0,0,11,1,0000,1,,,IMMEDIATE,,,,ALUOUT[7downto0],DATA2OUT,XXXXXXXXXXXXXXXXXXXXXXXXXXXXXXXXXXXXXXXXXXXXXXXXXXXXXXXXXXXXXXXX,ALUOUT,,,,,,,,,,,,,,,,,,,
sb-type,110111,11111110100000111100111001100011,00000000000000000001011111111100,0000000,01000,00111,100,00000,1100011,1,0,X,0,01,0,0010,0,,,DATA2OUT,,,,ALUOUT[7downto0],DATA2OUT,XXXXXXXXXXXXXXXXXXXXXXXXXXXXXXXXXXXXXXXXXXXXXXXXXXXXXXXXXXXXXXXX,XXXXXXXXXXXXXXXXXXXXXXXXXXXXXXXXXXXXXXXXXXXXXXXXXXXXXXXXXXXXXXXX,,,,,,,,,,,,,,,,,,,
sb-type,111000,00000000000000000000001001100011,00000000000000000000000000000100,0000000,00000,00000,000,00000,1100011,1,0,X,0,01,0,0010,0,,,DATA2OUT,,,,ALUOUT[7downto0],DATA2OUT,XXXXXXXXXXXXXXXXXXXXXXXXXXXXXXXXXXXXXXXXXXXXXXXXXXXXXXXXXXXXXXXX,XXXXXXXXXXXXXXXXXXXXXXXXXXXXXXXXXXXXXXXXXXXXXXXXXXXXXXXXXXXXXXXX,,,,,,,,,,,,,,,,,,,
i-type,111001,11111111111100110000001100010011,00000000000000000000111111111111,1111111,00000,00110,000,00110,0010011,0,0,0,0,11,1,0000,1,,,IMMEDIATE,,,,ALUOUT[7downto0],DATA2OUT,XXXXXXXXXXXXXXXXXXXXXXXXXXXXXXXXXXXXXXXXXXXXXXXXXXXXXXXXXXXXXXXX,ALUOUT,,,,,,,,,,,,,,,,,,,
sb-type,111010,11111110100000111100110101100011,00000000000000000001011111111010,0000000,01000,00111,100,00000,1100011,1,0,X,0,01,0,0010,0,,,DATA2OUT,,,,ALUOUT[7downto0],DATA2OUT,XXXXXXXXXXXXXXXXXXXXXXXXXXXXXXXXXXXXXXXXXXXXXXXXXXXXXXXXXXXXXXXX,XXXXXXXXXXXXXXXXXXXXXXXXXXXXXXXXXXXXXXXXXXXXXXXXXXXXXXXXXXXXXXXX,,,,,,,,,,,,,,,,,,,
sb-type,111011,00000000000000000001010001100011,00000000000000000000000000001000,0000000,00000,00000,001,00000,1100011,1,0,X,0,01,0,0010,0,,,DATA2OUT,,,,ALUOUT[7downto0],DATA2OUT,XXXXXXXXXXXXXXXXXXXXXXXXXXXXXXXXXXXXXXXXXXXXXXXXXXXXXXXXXXXXXXXX,XXXXXXXXXXXXXXXXXXXXXXXXXXXXXXXXXXXXXXXXXXXXXXXXXXXXXXXXXXXXXXXX,,,,,,,,,,,,,,,,,,,
ld-type,111100,00000000001000000011001010000011,00000000000000000000000000000010,0000000,00000,00000,011,00101,0000011,0,1,1,0,00,1,0000,1,,,IMMEDIATE,,,,ALUOUT[7downto0],DATA2OUT,,MEMOUT,,,,,,,,,,,,,,,,,,,
ld-type,111101,00000000001000000011001100000011,00000000000000000000000000000010,0000000,00000,00000,011,00110,0000011,0,1,1,0,00,1,0000,1,,,IMMEDIATE,,,,ALUOUT[7downto0],DATA2OUT,,MEMOUT,,,,,,,,,,,,,,,,,,,
ld-type,111110,00000000001000000011001110000011,00000000000000000000000000000010,0000000,00000,00000,011,00111,0000011,0,1,1,0,00,1,0000,1,,,IMMEDIATE,,,,ALUOUT[7downto0],DATA2OUT,,MEMOUT,,,,,,,,,,,,,,,,,,,
ld-type,111111,00000000001000000011010000000011,00000000000000000000000000000010,0000000,00000,00000,011,01000,0000011,0,1,1,0,00,1,0000,1,,,IMMEDIATE,,,,ALUOUT[7downto0],DATA2OUT,,MEMOUT,,,,,,,,,,,,,,,,,,,
ld-type,1000000,00000000001000000011010010000011,00000000000000000000000000000010,0000000,00000,00000,011,01001,0000011,0,1,1,0,00,1,0000,1,,,IMMEDIATE,,,,ALUOUT[7downto0],DATA2OUT,,MEMOUT,,,,,,,,,,,,,,,,,,,
ld-type,1000001,00000000001000000011100100000011,00000000000000000000000000000010,0000000,00000,00000,011,10010,0000011,0,1,1,0,00,1,0000,1,,,IMMEDIATE,,,,ALUOUT[7downto0],DATA2OUT,,MEMOUT,,,,,,,,,,,,,,,,,,,
ld-type,1000010,00000000001000000011100110000011,00000000000000000000000000000010,0000000,00000,00000,011,10011,0000011,0,1,1,0,00,1,0000,1,,,IMMEDIATE,,,,ALUOUT[7downto0],DATA2OUT,,MEMOUT,,,,,,,,,,,,,,,,,,,
ld-type,1000011,00000000001000000011101000000011,00000000000000000000000000000010,0000000,00000,00000,011,10100,0000011,0,1,1,0,00,1,0000,1,,,IMMEDIATE,,,,ALUOUT[7downto0],DATA2OUT,,MEMOUT,,,,,,,,,,,,,,,,,,,
ld-type,1000100,00000000001000000011101010000011,00000000000000000000000000000010,0000000,00000,00000,011,10101,0000011,0,1,1,0,00,1,0000,1,,,IMMEDIATE,,,,ALUOUT[7downto0],DATA2OUT,,MEMOUT,,,,,,,,,,,,,,,,,,,
ld-type,1000101,00000000001000000011101100000011,00000000000000000000000000000010,0000000,00000,00000,011,10110,0000011,0,1,1,0,00,1,0000,1,,,IMMEDIATE,,,,ALUOUT[7downto0],DATA2OUT,,MEMOUT,,,,,,,,,,,,,,,,,,,
ld-type,1000110,00000000001000000011101110000011,00000000000000000000000000000010,0000000,00000,00000,011,10111,0000011,0,1,1,0,00,1,0000,1,,,IMMEDIATE,,,,ALUOUT[7downto0],DATA2OUT,,MEMOUT,,,,,,,,,,,,,,,,,,,
ld-type,1000111,00000000001000000011110000000011,00000000000000000000000000000010,0000000,00000,00000,011,11000,0000011,0,1,1,0,00,1,0000,1,,,IMMEDIATE,,,,ALUOUT[7downto0],DATA2OUT,,MEMOUT,,,,,,,,,,,,,,,,,,,
ld-type,1001000,00000000001000000011110010000011,00000000000000000000000000000010,0000000,00000,00000,011,11001,0000011,0,1,1,0,00,1,0000,1,,,IMMEDIATE,,,,ALUOUT[7downto0],DATA2OUT,,MEMOUT,,,,,,,,,,,,,,,,,,,
ld-type,1001001,00000000001000000011110100000011,00000000000000000000000000000010,0000000,00000,00000,011,11010,0000011,0,1,1,0,00,1,0000,1,,,IMMEDIATE,,,,ALUOUT[7downto0],DATA2OUT,,MEMOUT,,,,,,,,,,,,,,,,,,,
ld-type,1001010,00000000001000000011110110000011,00000000000000000000000000000010,0000000,00000,00000,011,11011,0000011,0,1,1,0,00,1,0000,1,,,IMMEDIATE,,,,ALUOUT[7downto0],DATA2OUT,,MEMOUT,,,,,,,,,,,,,,,,,,,
ld-type,1001011,00000000001000000011111000000011,00000000000000000000000000000010,0000000,00000,00000,011,11100,0000011,0,1,1,0,00,1,0000,1,,,IMMEDIATE,,,,ALUOUT[7downto0],DATA2OUT,,MEMOUT,,,,,,,,,,,,,,,,,,,
ld-type,1001100,00000000001000000011111010000011,00000000000000000000000000000010,0000000,00000,00000,011,11101,0000011,0,1,1,0,00,1,0000,1,,,IMMEDIATE,,,,ALUOUT[7downto0],DATA2OUT,,MEMOUT,,,,,,,,,,,,,,,,,,,
ld-type,1001101,00000000001000000011111100000011,00000000000000000000000000000010,0000000,00000,00000,011,11110,0000011,0,1,1,0,00,1,0000,1,,,IMMEDIATE,,,,ALUOUT[7downto0],DATA2OUT,,MEMOUT,,,,,,,,,,,,,,,,,,,
ld-type,1001110,00000000001000000011111110000011,00000000000000000000000000000010,0000000,00000,00000,011,11111,0000011,0,1,1,0,00,1,0000,1,,,IMMEDIATE,,,,ALUOUT[7downto0],DATA2OUT,,MEMOUT,,,,,,,,,,,,,,,,,,,
i-type,1001111,00000001100111111000001010010011,00000000000000000000000000011001,0000000,00000,11111,000,00101,0010011,0,0,0,0,11,1,0000,1,,,IMMEDIATE,,,,ALUOUT[7downto0],DATA2OUT,XXXXXXXXXXXXXXXXXXXXXXXXXXXXXXXXXXXXXXXXXXXXXXXXXXXXXXXXXXXXXXXX,ALUOUT,,,,,,,,,,,,,,,,,,,
i-type,1010000,00000001001010011001111010010011,00000000000000000000000000010010,0000000,00000,10011,001,11101,0010011,0,0,0,0,11,1,0001,1,,,IMMEDIATE,,,,ALUOUT[7downto0],DATA2OUT,XXXXXXXXXXXXXXXXXXXXXXXXXXXXXXXXXXXXXXXXXXXXXXXXXXXXXXXXXXXXXXXX,ALUOUT,,,,,,,,,,,,,,,,,,,
i-type,1010001,00000001001010011100100100010011,00000000000000000000000000010010,0000000,00000,10011,100,10010,0010011,0,0,0,0,11,1,0100,1,,,IMMEDIATE,,,,ALUOUT[7downto0],DATA2OUT,XXXXXXXXXXXXXXXXXXXXXXXXXXXXXXXXXXXXXXXXXXXXXXXXXXXXXXXXXXXXXXXX,ALUOUT,,,,,,,,,,,,,,,,,,,
i-type,1010010,00000001001000111101111000010011,00000000000000000000000000010010,0000000,00000,00111,101,11100,0010011,0,0,0,0,11,1,0101,1,,,IMMEDIATE,,,,ALUOUT[7downto0],DATA2OUT,XXXXXXXXXXXXXXXXXXXXXXXXXXXXXXXXXXXXXXXXXXXXXXXXXXXXXXXXXXXXXXXX,ALUOUT,,,,,,,,,,,,,,,,,,,
i-type,1010011,01000000100110110101110110010011,00000000000000000000010000001001,0100000,00000,10110,101,11011,0010011,0,0,0,0,11,1,0011,1,,,IMMEDIATE,,,,ALUOUT[7downto0],DATA2OUT,XXXXXXXXXXXXXXXXXXXXXXXXXXXXXXXXXXXXXXXXXXXXXXXXXXXXXXXXXXXXXXXX,ALUOUT,,,,,,,,,,,,,,,,,,,
i-type,1010100,00000000010111011110101100010011,00000000000000000000000000000101,0000000,00000,11011,110,10110,0010011,0,0,0,0,11,1,0110,1,,,IMMEDIATE,,,,ALUOUT[7downto0],DATA2OUT,XXXXXXXXXXXXXXXXXXXXXXXXXXXXXXXXXXXXXXXXXXXXXXXXXXXXXXXXXXXXXXXX,ALUOUT,,,,,,,,,,,,,,,,,,,
sb-type,1010101,00000001100100101000000101100011,00000000000000000000000000000010,0000000,11001,00101,000,00000,1100011,1,0,X,0,01,0,0010,0,,,DATA2OUT,,,,ALUOUT[7downto0],DATA2OUT,XXXXXXXXXXXXXXXXXXXXXXXXXXXXXXXXXXXXXXXXXXXXXXXXXXXXXXXXXXXXXXXX,XXXXXXXXXXXXXXXXXXXXXXXXXXXXXXXXXXXXXXXXXXXXXXXXXXXXXXXXXXXXXXXX,,,,,,,,,,,,,,,,,,,
sb-type,1010110,00000001001110110000000101100011,00000000000000000000000000000010,0000000,10011,10110,000,00000,1100011,1,0,X,0,01,0,0010,0,,,DATA2OUT,,,,ALUOUT[7downto0],DATA2OUT,XXXXXXXXXXXXXXXXXXXXXXXXXXXXXXXXXXXXXXXXXXXXXXXXXXXXXXXXXXXXXXXX,XXXXXXXXXXXXXXXXXXXXXXXXXXXXXXXXXXXXXXXXXXXXXXXXXXXXXXXXXXXXXXXX,,,,,,,,,,,,,,,,,,,
i-type,1010111,00000001101101000111111000010011,00000000000000000000000000011011,0000000,00000,01000,111,11100,0010011,0,0,0,0,11,1,0111,1,,,IMMEDIATE,,,,ALUOUT[7downto0],DATA2OUT,XXXXXXXXXXXXXXXXXXXXXXXXXXXXXXXXXXXXXXXXXXXXXXXXXXXXXXXXXXXXXXXX,ALUOUT,,,,,,,,,,,,,,,,,,,
r-type,1011000,00000001001100101000110010110011,00000001001100101000110010110011,0000000,10011,00101,000,11001,0110011,0,0,0,0,10,1,0000,0,,,DATA2OUT,,,,ALUOUT[7downto0],DATA2OUT,XXXXXXXXXXXXXXXXXXXXXXXXXXXXXXXXXXXXXXXXXXXXXXXXXXXXXXXXXXXXXXXX,ALUOUT,,,,,,,,,,,,,,,,,,,
r-type,1011001,01000001110100110000101010110011,01000001110100110000101010110011,0100000,11101,00110,000,10101,0110011,0,0,0,0,10,1,0010,0,,,DATA2OUT,,,,ALUOUT[7downto0],DATA2OUT,XXXXXXXXXXXXXXXXXXXXXXXXXXXXXXXXXXXXXXXXXXXXXXXXXXXXXXXXXXXXXXXX,ALUOUT,,,,,,,,,,,,,,,,,,,
r-type,1011010,00000001001010100001110000110011,00000001001010100001110000110011,0000000,10010,10100,001,11000,0110011,0,0,0,0,10,1,0001,0,,,DATA2OUT,,,,ALUOUT[7downto0],DATA2OUT,XXXXXXXXXXXXXXXXXXXXXXXXXXXXXXXXXXXXXXXXXXXXXXXXXXXXXXXXXXXXXXXX,ALUOUT,,,,,,,,,,,,,,,,,,,
sb-type,1011011,00000000100110010001001001100011,00000000000000000000000000000100,0000000,01001,10010,001,00000,1100011,1,0,X,0,01,0,0010,0,,,DATA2OUT,,,,ALUOUT[7downto0],DATA2OUT,XXXXXXXXXXXXXXXXXXXXXXXXXXXXXXXXXXXXXXXXXXXXXXXXXXXXXXXXXXXXXXXX,XXXXXXXXXXXXXXXXXXXXXXXXXXXXXXXXXXXXXXXXXXXXXXXXXXXXXXXXXXXXXXXX,,,,,,,,,,,,,,,,,,,
sb-type,1011100,00000001110000110001001001100011,00000000000000000000000000000100,0000000,11100,00110,001,00000,1100011,1,0,X,0,01,0,0010,0,,,DATA2OUT,,,,ALUOUT[7downto0],DATA2OUT,XXXXXXXXXXXXXXXXXXXXXXXXXXXXXXXXXXXXXXXXXXXXXXXXXXXXXXXXXXXXXXXX,XXXXXXXXXXXXXXXXXXXXXXXXXXXXXXXXXXXXXXXXXXXXXXXXXXXXXXXXXXXXXXXX,,,,,,,,,,,,,,,,,,,
r-type,1011101,01100110010100110100101000110011,01100110010100110100101000110011,0110011,00101,00110,100,10100,0110011,0,0,0,0,10,1,0100,0,,,DATA2OUT,,,,ALUOUT[7downto0],DATA2OUT,XXXXXXXXXXXXXXXXXXXXXXXXXXXXXXXXXXXXXXXXXXXXXXXXXXXXXXXXXXXXXXXX,ALUOUT,,,,,,,,,,,,,,,,,,,
r-type,1011110,00000000100111000101100110110011,00000000100111000101100110110011,0000000,01001,11000,101,10011,0110011,0,0,0,0,10,1,0101,0,,,DATA2OUT,,,,ALUOUT[7downto0],DATA2OUT,XXXXXXXXXXXXXXXXXXXXXXXXXXXXXXXXXXXXXXXXXXXXXXXXXXXXXXXXXXXXXXXX,ALUOUT,,,,,,,,,,,,,,,,,,,
r-type,1011111,00100111010001000101110000110011,00100111010001000101110000110011,0010011,10100,01000,101,11000,0110011,0,0,0,0,10,1,0011,0,,,DATA2OUT,,,,ALUOUT[7downto0],DATA2OUT,XXXXXXXXXXXXXXXXXXXXXXXXXXXXXXXXXXXXXXXXXXXXXXXXXXXXXXXXXXXXXXXX,ALUOUT,,,,,,,,,,,,,,,,,,,
r-type,1100000,00000001011111011110101110110011,00000001011111011110101110110011,0000000,10111,11011,110,10111,0110011,0,0,0,0,10,1,0110,0,,,DATA2OUT,,,,ALUOUT[7downto0],DATA2OUT,XXXXXXXXXXXXXXXXXXXXXXXXXXXXXXXXXXXXXXXXXXXXXXXXXXXXXXXXXXXXXXXX,ALUOUT,,,,,,,,,,,,,,,,,,,
r-type,1100001,00000001100010101111101000110011,00000001100010101111101000110011,0000000,11000,10101,111,10100,0110011,0,0,0,0,10,1,0111,0,,,DATA2OUT,,,,ALUOUT[7downto0],DATA2OUT,XXXXXXXXXXXXXXXXXXXXXXXXXXXXXXXXXXXXXXXXXXXXXXXXXXXXXXXXXXXXXXXX,ALUOUT,,,,,,,,,,,,,,,,,,,
sb-type,1100010,00000000100110010100001101100011,00000000000000000000000000000110,0000000,01001,10010,100,00000,1100011,1,0,X,0,01,0,0010,0,,,DATA2OUT,,,,ALUOUT[7downto0],DATA2OUT,XXXXXXXXXXXXXXXXXXXXXXXXXXXXXXXXXXXXXXXXXXXXXXXXXXXXXXXXXXXXXXXX,XXXXXXXXXXXXXXXXXXXXXXXXXXXXXXXXXXXXXXXXXXXXXXXXXXXXXXXXXXXXXXXX,,,,,,,,,,,,,,,,,,,
sb-type,1100011,00000001100100101100001101100011,00000000000000000000000000000110,0000000,11001,00101,100,00000,1100011,1,0,X,0,01,0,0010,0,,,DATA2OUT,,,,ALUOUT[7downto0],DATA2OUT,XXXXXXXXXXXXXXXXXXXXXXXXXXXXXXXXXXXXXXXXXXXXXXXXXXXXXXXXXXXXXXXX,XXXXXXXXXXXXXXXXXXXXXXXXXXXXXXXXXXXXXXXXXXXXXXXXXXXXXXXXXXXXXXXX,,,,,,,,,,,,,,,,,,,
s-type,1100100,00000001001100000111111100100011,00000000000000000000000000011110,0000000,10011,00000,111,00000,0100011,0,0,X,1,00,0,0000,1,,,IMMEDIATE,,,,ALUOUT[7downto0],DATA2OUT,XXXXXXXXXXXXXXXXXXXXXXXXXXXXXXXXXXXXXXXXXXXXXXXXXXXXXXXXXXXXXXXX,XXXXXXXXXXXXXXXXXXXXXXXXXXXXXXXXXXXXXXXXXXXXXXXXXXXXXXXXXXXXXXXX,,,,,,,,,,,,,,,,,,,
s-type,1100101,00000001001100000111001100100011,00000000000000000000000000000110,0000000,10011,00000,111,00000,0100011,0,0,X,1,00,0,0000,1,,,IMMEDIATE,,,,ALUOUT[7downto0],DATA2OUT,XXXXXXXXXXXXXXXXXXXXXXXXXXXXXXXXXXXXXXXXXXXXXXXXXXXXXXXXXXXXXXXX,XXXXXXXXXXXXXXXXXXXXXXXXXXXXXXXXXXXXXXXXXXXXXXXXXXXXXXXXXXXXXXXX,,,,,,,,,,,,,,,,,,,
s-type,1100110,00000001101000000111010010100011,00000000000000000000000000001001,0000000,11010,00000,111,00000,0100011,0,0,X,1,00,0,0000,1,,,IMMEDIATE,,,,ALUOUT[7downto0],DATA2OUT,XXXXXXXXXXXXXXXXXXXXXXXXXXXXXXXXXXXXXXXXXXXXXXXXXXXXXXXXXXXXXXXX,XXXXXXXXXXXXXXXXXXXXXXXXXXXXXXXXXXXXXXXXXXXXXXXXXXXXXXXXXXXXXXXX,,,,,,,,,,,,,,,,,,,
ld-type,1100111,00000001111000000011111000000011,00000000000000000000000000011110,0000000,00000,00000,011,11100,0000011,0,1,1,0,00,1,0000,1,,,IMMEDIATE,,,,ALUOUT[7downto0],DATA2OUT,,MEMOUT,,,,,,,,,,,,,,,,,,,
ld-type,1101000,00000000011000000011001100000011,00000000000000000000000000000110,0000000,00000,00000,011,00110,0000011,0,1,1,0,00,1,0000,1,,,IMMEDIATE,,,,ALUOUT[7downto0],DATA2OUT,,MEMOUT,,,,,,,,,,,,,,,,,,,
ld-type,1101001,00000000100100000011111010000011,00000000000000000000000000001001,0000000,00000,00000,011,11101,0000011,0,1,1,0,00,1,0000,1,,,IMMEDIATE,,,,ALUOUT[7downto0],DATA2OUT,,MEMOUT,,,,,,,,,,,,,,,,,,,
i-type,1101010,00000000001000000000001010010011,00000000000000000000000000000010,0000000,00000,00000,000,00101,0010011,0,0,0,0,11,1,0000,1,,,IMMEDIATE,,,,ALUOUT[7downto0],DATA2OUT,XXXXXXXXXXXXXXXXXXXXXXXXXXXXXXXXXXXXXXXXXXXXXXXXXXXXXXXXXXXXXXXX,ALUOUT,,,,,,,,,,,,,,,,,,,
i-type,1101011,00000000001100000000001100010011,00000000000000000000000000000011,0000000,00000,00000,000,00110,0010011,0,0,0,0,11,1,0000,1,,,IMMEDIATE,,,,ALUOUT[7downto0],DATA2OUT,XXXXXXXXXXXXXXXXXXXXXXXXXXXXXXXXXXXXXXXXXXXXXXXXXXXXXXXXXXXXXXXX,ALUOUT,,,,,,,,,,,,,,,,,,,
r-type,1101100,00000000000000000000001110110011,00000000000000000000001110110011,0000000,00000,00000,000,00111,0110011,0,0,0,0,10,1,0000,0,,,DATA2OUT,,,,ALUOUT[7downto0],DATA2OUT,XXXXXXXXXXXXXXXXXXXXXXXXXXXXXXXXXXXXXXXXXXXXXXXXXXXXXXXXXXXXXXXX,ALUOUT,,,,,,,,,,,,,,,,,,,
r-type,1101101,00000000000000110000010000110011,00000000000000110000010000110011,0000000,00000,00110,000,01000,0110011,0,0,0,0,10,1,0000,0,,,DATA2OUT,,,,ALUOUT[7downto0],DATA2OUT,XXXXXXXXXXXXXXXXXXXXXXXXXXXXXXXXXXXXXXXXXXXXXXXXXXXXXXXXXXXXXXXX,ALUOUT,,,,,,,,,,,,,,,,,,,
sb-type,1101110,00000000011101000000010101100011,00000000000000000000000000001010,0000000,00111,01000,000,00000,1100011,1,0,X,0,01,0,0010,0,,,DATA2OUT,,,,ALUOUT[7downto0],DATA2OUT,XXXXXXXXXXXXXXXXXXXXXXXXXXXXXXXXXXXXXXXXXXXXXXXXXXXXXXXXXXXXXXXX,XXXXXXXXXXXXXXXXXXXXXXXXXXXXXXXXXXXXXXXXXXXXXXXXXXXXXXXXXXXXXXXX,,,,,,,,,,,,,,,,,,,
sb-type,1101111,00000000011101000100010001100011,00000000000000000000000000001000,0000000,00111,01000,100,00000,1100011,1,0,X,0,01,0,0010,0,,,DATA2OUT,,,,ALUOUT[7downto0],DATA2OUT,XXXXXXXXXXXXXXXXXXXXXXXXXXXXXXXXXXXXXXXXXXXXXXXXXXXXXXXXXXXXXXXX,XXXXXXXXXXXXXXXXXXXXXXXXXXXXXXXXXXXXXXXXXXXXXXXXXXXXXXXXXXXXXXXX,,,,,,,,,,,,,,,,,,,
i-type,1110000,00000000000100111000001110010011,00000000000000000000000000000001,0000000,00000,00111,000,00111,0010011,0,0,0,0,11,1,0000,1,,,IMMEDIATE,,,,ALUOUT[7downto0],DATA2OUT,XXXXXXXXXXXXXXXXXXXXXXXXXXXXXXXXXXXXXXXXXXXXXXXXXXXXXXXXXXXXXXXX,ALUOUT,,,,,,,,,,,,,,,,,,,
sb-type,1110001,00000000011000101001001001100011,00000000000000000000000000000100,0000000,00110,00101,001,00000,1100011,1,0,X,0,01,0,0010,0,,,DATA2OUT,,,,ALUOUT[7downto0],DATA2OUT,XXXXXXXXXXXXXXXXXXXXXXXXXXXXXXXXXXXXXXXXXXXXXXXXXXXXXXXXXXXXXXXX,XXXXXXXXXXXXXXXXXXXXXXXXXXXXXXXXXXXXXXXXXXXXXXXXXXXXXXXXXXXXXXXX,,,,,,,,,,,,,,,,,,,
i-type,1110010,11111111111100101000001010010011,00000000000000000000111111111111,1111111,00000,00101,000,00101,0010011,0,0,0,0,11,1,0000,1,,,IMMEDIATE,,,,ALUOUT[7downto0],DATA2OUT,XXXXXXXXXXXXXXXXXXXXXXXXXXXXXXXXXXXXXXXXXXXXXXXXXXXXXXXXXXXXXXXX,ALUOUT,,,,,,,,,,,,,,,,,,,
sb-type,1110011,11111110100000111100111001100011,00000000000000000001011111111100,0000000,01000,00111,100,00000,1100011,1,0,X,0,01,0,0010,0,,,DATA2OUT,,,,ALUOUT[7downto0],DATA2OUT,XXXXXXXXXXXXXXXXXXXXXXXXXXXXXXXXXXXXXXXXXXXXXXXXXXXXXXXXXXXXXXXX,XXXXXXXXXXXXXXXXXXXXXXXXXXXXXXXXXXXXXXXXXXXXXXXXXXXXXXXXXXXXXXXX,,,,,,,,,,,,,,,,,,,
sb-type,1110100,00000000000000000000001001100011,00000000000000000000000000000100,0000000,00000,00000,000,00000,1100011,1,0,X,0,01,0,0010,0,,,DATA2OUT,,,,ALUOUT[7downto0],DATA2OUT,XXXXXXXXXXXXXXXXXXXXXXXXXXXXXXXXXXXXXXXXXXXXXXXXXXXXXXXXXXXXXXXX,XXXXXXXXXXXXXXXXXXXXXXXXXXXXXXXXXXXXXXXXXXXXXXXXXXXXXXXXXXXXXXXX,,,,,,,,,,,,,,,,,,,
i-type,1110101,11111111111100110000001100010011,00000000000000000000111111111111,1111111,00000,00110,000,00110,0010011,0,0,0,0,11,1,0000,1,,,IMMEDIATE,,,,ALUOUT[7downto0],DATA2OUT,XXXXXXXXXXXXXXXXXXXXXXXXXXXXXXXXXXXXXXXXXXXXXXXXXXXXXXXXXXXXXXXX,ALUOUT,,,,,,,,,,,,,,,,,,,
sb-type,1110110,11111110100000111100110101100011,00000000000000000001011111111010,0000000,01000,00111,100,00000,1100011,1,0,X,0,01,0,0010,0,,,DATA2OUT,,,,ALUOUT[7downto0],DATA2OUT,XXXXXXXXXXXXXXXXXXXXXXXXXXXXXXXXXXXXXXXXXXXXXXXXXXXXXXXXXXXXXXXX,XXXXXXXXXXXXXXXXXXXXXXXXXXXXXXXXXXXXXXXXXXXXXXXXXXXXXXXXXXXXXXXX,,,,,,,,,,,,,,,,,,,
sb-type,1110111,00000000000000000001010001100011,00000000000000000000000000001000,0000000,00000,00000,001,00000,1100011,1,0,X,0,01,0,0010,0,,,DATA2OUT,,,,ALUOUT[7downto0],DATA2OUT,XXXXXXXXXXXXXXXXXXXXXXXXXXXXXXXXXXXXXXXXXXXXXXXXXXXXXXXXXXXXXXXX,XXXXXXXXXXXXXXXXXXXXXXXXXXXXXXXXXXXXXXXXXXXXXXXXXXXXXXXXXXXXXXXX,,,,,,,,,,,,,,,,,,,
ld-type,1111000,00000000001000000011001010000011,00000000000000000000000000000010,0000000,00000,00000,011,00101,0000011,0,1,1,0,00,1,0000,1,,,IMMEDIATE,,,,ALUOUT[7downto0],DATA2OUT,,MEMOUT,,,,,,,,,,,,,,,,,,,
ld-type,1111001,00000000001000000011001100000011,00000000000000000000000000000010,0000000,00000,00000,011,00110,0000011,0,1,1,0,00,1,0000,1,,,IMMEDIATE,,,,ALUOUT[7downto0],DATA2OUT,,MEMOUT,,,,,,,,,,,,,,,,,,,
ld-type,1111010,00000000001000000011001110000011,00000000000000000000000000000010,0000000,00000,00000,011,00111,0000011,0,1,1,0,00,1,0000,1,,,IMMEDIATE,,,,ALUOUT[7downto0],DATA2OUT,,MEMOUT,,,,,,,,,,,,,,,,,,,
ld-type,1111011,00000000001000000011010000000011,00000000000000000000000000000010,0000000,00000,00000,011,01000,0000011,0,1,1,0,00,1,0000,1,,,IMMEDIATE,,,,ALUOUT[7downto0],DATA2OUT,,MEMOUT,,,,,,,,,,,,,,,,,,,
ld-type,1111100,00000000001000000011010010000011,00000000000000000000000000000010,0000000,00000,00000,011,01001,0000011,0,1,1,0,00,1,0000,1,,,IMMEDIATE,,,,ALUOUT[7downto0],DATA2OUT,,MEMOUT,,,,,,,,,,,,,,,,,,,
ld-type,1111101,00000000001000000011100100000011,00000000000000000000000000000010,0000000,00000,00000,011,10010,0000011,0,1,1,0,00,1,0000,1,,,IMMEDIATE,,,,ALUOUT[7downto0],DATA2OUT,,MEMOUT,,,,,,,,,,,,,,,,,,,
ld-type,1111110,00000000001000000011100110000011,00000000000000000000000000000010,0000000,00000,00000,011,10011,0000011,0,1,1,0,00,1,0000,1,,,IMMEDIATE,,,,ALUOUT[7downto0],DATA2OUT,,MEMOUT,,,,,,,,,,,,,,,,,,,
ld-type,1111111,00000000001000000011101000000011,00000000000000000000000000000010,0000000,00000,00000,011,10100,0000011,0,1,1,0,00,1,0000,1,,,IMMEDIATE,,,,ALUOUT[7downto0],DATA2OUT,,MEMOUT,,,,,,,,,,,,,,,,,,,
ld-type,10000000,00000000001000000011101010000011,00000000000000000000000000000010,0000000,00000,00000,011,10101,0000011,0,1,1,0,00,1,0000,1,,,IMMEDIATE,,,,ALUOUT[7downto0],DATA2OUT,,MEMOUT,,,,,,,,,,,,,,,,,,,
ld-type,10000001,00000000001000000011101100000011,00000000000000000000000000000010,0000000,00000,00000,011,10110,0000011,0,1,1,0,00,1,0000,1,,,IMMEDIATE,,,,ALUOUT[7downto0],DATA2OUT,,MEMOUT,,,,,,,,,,,,,,,,,,,
ld-type,10000010,00000000001000000011101110000011,00000000000000000000000000000010,0000000,00000,00000,011,10111,0000011,0,1,1,0,00,1,0000,1,,,IMMEDIATE,,,,ALUOUT[7downto0],DATA2OUT,,MEMOUT,,,,,,,,,,,,,,,,,,,
ld-type,10000011,00000000001000000011110000000011,00000000000000000000000000000010,0000000,00000,00000,011,11000,0000011,0,1,1,0,00,1,0000,1,,,IMMEDIATE,,,,ALUOUT[7downto0],DATA2OUT,,MEMOUT,,,,,,,,,,,,,,,,,,,
ld-type,10000100,00000000001000000011110010000011,00000000000000000000000000000010,0000000,00000,00000,011,11001,0000011,0,1,1,0,00,1,0000,1,,,IMMEDIATE,,,,ALUOUT[7downto0],DATA2OUT,,MEMOUT,,,,,,,,,,,,,,,,,,,
ld-type,10000101,00000000001000000011110100000011,00000000000000000000000000000010,0000000,00000,00000,011,11010,0000011,0,1,1,0,00,1,0000,1,,,IMMEDIATE,,,,ALUOUT[7downto0],DATA2OUT,,MEMOUT,,,,,,,,,,,,,,,,,,,
ld-type,10000110,00000000001000000011110110000011,00000000000000000000000000000010,0000000,00000,00000,011,11011,0000011,0,1,1,0,00,1,0000,1,,,IMMEDIATE,,,,ALUOUT[7downto0],DATA2OUT,,MEMOUT,,,,,,,,,,,,,,,,,,,
ld-type,10000111,00000000001000000011111000000011,00000000000000000000000000000010,0000000,00000,00000,011,11100,0000011,0,1,1,0,00,1,0000,1,,,IMMEDIATE,,,,ALUOUT[7downto0],DATA2OUT,,MEMOUT,,,,,,,,,,,,,,,,,,,
ld-type,10001000,00000000001000000011111010000011,00000000000000000000000000000010,0000000,00000,00000,011,11101,0000011,0,1,1,0,00,1,0000,1,,,IMMEDIATE,,,,ALUOUT[7downto0],DATA2OUT,,MEMOUT,,,,,,,,,,,,,,,,,,,
ld-type,10001001,00000000001000000011111100000011,00000000000000000000000000000010,0000000,00000,00000,011,11110,0000011,0,1,1,0,00,1,0000,1,,,IMMEDIATE,,,,ALUOUT[7downto0],DATA2OUT,,MEMOUT,,,,,,,,,,,,,,,,,,,
ld-type,10001010,00000000001000000011111110000011,00000000000000000000000000000010,0000000,00000,00000,011,11111,0000011,0,1,1,0,00,1,0000,1,,,IMMEDIATE,,,,ALUOUT[7downto0],DATA2OUT,,MEMOUT,,,,,,,,,,,,,,,,,,,
i-type,10001011,00000001100110111000110110010011,00000000000000000000000000011001,0000000,00000,10111,000,11011,0010011,0,0,0,0,11,1,0000,1,,,IMMEDIATE,,,,ALUOUT[7downto0],DATA2OUT,XXXXXXXXXXXXXXXXXXXXXXXXXXXXXXXXXXXXXXXXXXXXXXXXXXXXXXXXXXXXXXXX,ALUOUT,,,,,,,,,,,,,,,,,,,
i-type,10001100,00000001010010010001010010010011,00000000000000000000000000010100,0000000,00000,10010,001,01001,0010011,0,0,0,0,11,1,0001,1,,,IMMEDIATE,,,,ALUOUT[7downto0],DATA2OUT,XXXXXXXXXXXXXXXXXXXXXXXXXXXXXXXXXXXXXXXXXXXXXXXXXXXXXXXXXXXXXXXX,ALUOUT,,,,,,,,,,,,,,,,,,,
i-type,10001101,00000001100111111100010010010011,00000000000000000000000000011001,0000000,00000,11111,100,01001,0010011,0,0,0,0,11,1,0100,1,,,IMMEDIATE,,,,ALUOUT[7downto0],DATA2OUT,XXXXXXXXXXXXXXXXXXXXXXXXXXXXXXXXXXXXXXXXXXXXXXXXXXXXXXXXXXXXXXXX,ALUOUT,,,,,,,,,,,,,,,,,,,
i-type,10001110,00000001011011110101101110010011,00000000000000000000000000010110,0000000,00000,11110,101,10111,0010011,0,0,0,0,11,1,0101,1,,,IMMEDIATE,,,,ALUOUT[7downto0],DATA2OUT,XXXXXXXXXXXXXXXXXXXXXXXXXXXXXXXXXXXXXXXXXXXXXXXXXXXXXXXXXXXXXXXX,ALUOUT,,,,,,,,,,,,,,,,,,,
i-type,10001111,01000001010111001101100100010011,00000000000000000000010000010101,0100000,00000,11001,101,10010,0010011,0,0,0,0,11,1,0011,1,,,IMMEDIATE,,,,ALUOUT[7downto0],DATA2OUT,XXXXXXXXXXXXXXXXXXXXXXXXXXXXXXXXXXXXXXXXXXXXXXXXXXXXXXXXXXXXXXXX,ALUOUT,,,,,,,,,,,,,,,,,,,
i-type,10010000,00000001111100101110101010010011,00000000000000000000000000011111,0000000,00000,00101,110,10101,0010011,0,0,0,0,11,1,0110,1,,,IMMEDIATE,,,,ALUOUT[7downto0],DATA2OUT,XXXXXXXXXXXXXXXXXXXXXXXXXXXXXXXXXXXXXXXXXXXXXXXXXXXXXXXXXXXXXXXX,ALUOUT,,,,,,,,,,,,,,,,,,,
sb-type,10010001,00000000100001001000000101100011,00000000000000000000000000000010,0000000,01000,01001,000,00000,1100011,1,0,X,0,01,0,0010,0,,,DATA2OUT,,,,ALUOUT[7downto0],DATA2OUT,XXXXXXXXXXXXXXXXXXXXXXXXXXXXXXXXXXXXXXXXXXXXXXXXXXXXXXXXXXXXXXXX,XXXXXXXXXXXXXXXXXXXXXXXXXXXXXXXXXXXXXXXXXXXXXXXXXXXXXXXXXXXXXXXX,,,,,,,,,,,,,,,,,,,
sb-type,10010010,00000001111010010000000101100011,00000000000000000000000000000010,0000000,11110,10010,000,00000,1100011,1,0,X,0,01,0,0010,0,,,DATA2OUT,,,,ALUOUT[7downto0],DATA2OUT,XXXXXXXXXXXXXXXXXXXXXXXXXXXXXXXXXXXXXXXXXXXXXXXXXXXXXXXXXXXXXXXX,XXXXXXXXXXXXXXXXXXXXXXXXXXXXXXXXXXXXXXXXXXXXXXXXXXXXXXXXXXXXXXXX,,,,,,,,,,,,,,,,,,,
i-type,10010011,00000001010000101111111110010011,00000000000000000000000000010100,0000000,00000,00101,111,11111,0010011,0,0,0,0,11,1,0111,1,,,IMMEDIATE,,,,ALUOUT[7downto0],DATA2OUT,XXXXXXXXXXXXXXXXXXXXXXXXXXXXXXXXXXXXXXXXXXXXXXXXXXXXXXXXXXXXXXXX,ALUOUT,,,,,,,,,,,,,,,,,,,
r-type,10010100,00000001101111110000111100110011,00000001101111110000111100110011,0000000,11011,11110,000,11110,0110011,0,0,0,0,10,1,0000,0,,,DATA2OUT,,,,ALUOUT[7downto0],DATA2OUT,XXXXXXXXXXXXXXXXXXXXXXXXXXXXXXXXXXXXXXXXXXXXXXXXXXXXXXXXXXXXXXXX,ALUOUT,,,,,,,,,,,,,,,,,,,
r-type,10010101,01000001101111011000001100110011,01000001101111011000001100110011,0100000,11011,11011,000,00110,0110011,0,0,0,0,10,1,0010,0,,,DATA2OUT,,,,ALUOUT[7downto0],DATA2OUT,XXXXXXXXXXXXXXXXXXXXXXXXXXXXXXXXXXXXXXXXXXXXXXXXXXXXXXXXXXXXXXXX,ALUOUT,,,,,,,,,,,,,,,,,,,
r-type,10010110,00000001110111111001110010110011,00000001110111111001110010110011,0000000,11101,11111,001,11001,0110011,0,0,0,0,10,1,0001,0,,,DATA2OUT,,,,ALUOUT[7downto0],DATA2OUT,XXXXXXXXXXXXXXXXXXXXXXXXXXXXXXXXXXXXXXXXXXXXXXXXXXXXXXXXXXXXXXXX,ALUOUT,,,,,,,,,,,,,,,,,,,
sb-type,10010111,00000000100110010001001001100011,00000000000000000000000000000100,0000000,01001,10010,001,00000,1100011,1,0,X,0,01,0,0010,0,,,DATA2OUT,,,,ALUOUT[7downto0],DATA2OUT,XXXXXXXXXXXXXXXXXXXXXXXXXXXXXXXXXXXXXXXXXXXXXXXXXXXXXXXXXXXXXXXX,XXXXXXXXXXXXXXXXXXXXXXXXXXXXXXXXXXXXXXXXXXXXXXXXXXXXXXXXXXXXXXXX,,,,,,,,,,,,,,,,,,,
sb-type,10011000,00000001010001001001001001100011,00000000000000000000000000000100,0000000,10100,01001,001,00000,1100011,1,0,X,0,01,0,0010,0,,,DATA2OUT,,,,ALUOUT[7downto0],DATA2OUT,XXXXXXXXXXXXXXXXXXXXXXXXXXXXXXXXXXXXXXXXXXXXXXXXXXXXXXXXXXXXXXXX,XXXXXXXXXXXXXXXXXXXXXXXXXXXXXXXXXXXXXXXXXXXXXXXXXXXXXXXXXXXXXXXX,,,,,,,,,,,,,,,,,,,
r-type,10011001,01100111001110010100110110110011,01100111001110010100110110110011,0110011,10011,10010,100,11011,0110011,0,0,0,0,10,1,0100,0,,,DATA2OUT,,,,ALUOUT[7downto0],DATA2OUT,XXXXXXXXXXXXXXXXXXXXXXXXXXXXXXXXXXXXXXXXXXXXXXXXXXXXXXXXXXXXXXXX,ALUOUT,,,,,,,,,,,,,,,,,,,
r-type,10011010,00000001110111100101100100110011,00000001110111100101100100110011,0000000,11101,11100,101,10010,0110011,0,0,0,0,10,1,0101,0,,,DATA2OUT,,,,ALUOUT[7downto0],DATA2OUT,XXXXXXXXXXXXXXXXXXXXXXXXXXXXXXXXXXXXXXXXXXXXXXXXXXXXXXXXXXXXXXXX,ALUOUT,,,,,,,,,,,,,,,,,,,
r-type,10011011,00100111001001000101001010110011,00100111001001000101001010110011,0010011,10010,01000,101,00101,0110011,0,0,0,0,10,1,0011,0,,,DATA2OUT,,,,ALUOUT[7downto0],DATA2OUT,XXXXXXXXXXXXXXXXXXXXXXXXXXXXXXXXXXXXXXXXXXXXXXXXXXXXXXXXXXXXXXXX,ALUOUT,,,,,,,,,,,,,,,,,,,
r-type,10011100,00000001101110110110111010110011,00000001101110110110111010110011,0000000,11011,10110,110,11101,0110011,0,0,0,0,10,1,0110,0,,,DATA2OUT,,,,ALUOUT[7downto0],DATA2OUT,XXXXXXXXXXXXXXXXXXXXXXXXXXXXXXXXXXXXXXXXXXXXXXXXXXXXXXXXXXXXXXXX,ALUOUT,,,,,,,,,,,,,,,,,,,
r-type,10011101,00000000100100111111001110110011,00000000100100111111001110110011,0000000,01001,00111,111,00111,0110011,0,0,0,0,10,1,0111,0,,,DATA2OUT,,,,ALUOUT[7downto0],DATA2OUT,XXXXXXXXXXXXXXXXXXXXXXXXXXXXXXXXXXXXXXXXXXXXXXXXXXXXXXXXXXXXXXXX,ALUOUT,,,,,,,,,,,,,,,,,,,
sb-type,10011110,00000000100110010100001101100011,00000000000000000000000000000110,0000000,01001,10010,100,00000,1100011,1,0,X,0,01,0,0010,0,,,DATA2OUT,,,,ALUOUT[7downto0],DATA2OUT,XXXXXXXXXXXXXXXXXXXXXXXXXXXXXXXXXXXXXXXXXXXXXXXXXXXXXXXXXXXXXXXX,XXXXXXXXXXXXXXXXXXXXXXXXXXXXXXXXXXXXXXXXXXXXXXXXXXXXXXXXXXXXXXXX,,,,,,,,,,,,,,,,,,,
sb-type,10011111,00000000100001001100001101100011,00000000000000000000000000000110,0000000,01000,01001,100,00000,1100011,1,0,X,0,01,0,0010,0,,,DATA2OUT,,,,ALUOUT[7downto0],DATA2OUT,XXXXXXXXXXXXXXXXXXXXXXXXXXXXXXXXXXXXXXXXXXXXXXXXXXXXXXXXXXXXXXXX,XXXXXXXXXXXXXXXXXXXXXXXXXXXXXXXXXXXXXXXXXXXXXXXXXXXXXXXXXXXXXXXX,,,,,,,,,,,,,,,,,,,
s-type,10100000,00000001111000000111101100100011,00000000000000000000000000010110,0000000,11110,00000,111,00000,0100011,0,0,X,1,00,0,0000,1,,,IMMEDIATE,,,,ALUOUT[7downto0],DATA2OUT,XXXXXXXXXXXXXXXXXXXXXXXXXXXXXXXXXXXXXXXXXXXXXXXXXXXXXXXXXXXXXXXX,XXXXXXXXXXXXXXXXXXXXXXXXXXXXXXXXXXXXXXXXXXXXXXXXXXXXXXXXXXXXXXXX,,,,,,,,,,,,,,,,,,,
s-type,10100001,00000000011100000111001110100011,00000000000000000000000000000111,0000000,00111,00000,111,00000,0100011,0,0,X,1,00,0,0000,1,,,IMMEDIATE,,,,ALUOUT[7downto0],DATA2OUT,XXXXXXXXXXXXXXXXXXXXXXXXXXXXXXXXXXXXXXXXXXXXXXXXXXXXXXXXXXXXXXXX,XXXXXXXXXXXXXXXXXXXXXXXXXXXXXXXXXXXXXXXXXXXXXXXXXXXXXXXXXXXXXXXX,,,,,,,,,,,,,,,,,,,
s-type,10100010,00000001100000000111111010100011,00000000000000000000000000011101,0000000,11000,00000,111,00000,0100011,0,0,X,1,00,0,0000,1,,,IMMEDIATE,,,,ALUOUT[7downto0],DATA2OUT,XXXXXXXXXXXXXXXXXXXXXXXXXXXXXXXXXXXXXXXXXXXXXXXXXXXXXXXXXXXXXXXX,XXXXXXXXXXXXXXXXXXXXXXXXXXXXXXXXXXXXXXXXXXXXXXXXXXXXXXXXXXXXXXXX,,,,,,,,,,,,,,,,,,,
ld-type,10100011,00000001011000000011110000000011,00000000000000000000000000010110,0000000,00000,00000,011,11000,0000011,0,1,1,0,00,1,0000,1,,,IMMEDIATE,,,,ALUOUT[7downto0],DATA2OUT,,MEMOUT,,,,,,,,,,,,,,,,,,,
ld-type,10100100,00000000011100000011110010000011,00000000000000000000000000000111,0000000,00000,00000,011,11001,0000011,0,1,1,0,00,1,0000,1,,,IMMEDIATE,,,,ALUOUT[7downto0],DATA2OUT,,MEMOUT,,,,,,,,,,,,,,,,,,,
ld-type,10100101,00000001110100000011110100000011,00000000000000000000000000011101,0000000,00000,00000,011,11010,0000011,0,1,1,0,00,1,0000,1,,,IMMEDIATE,,,,ALUOUT[7downto0],DATA2OUT,,MEMOUT,,,,,,,,,,,,,,,,,,,
i-type,10100110,00000000001000000000001010010011,00000000000000000000000000000010,0000000,00000,00000,000,00101,0010011,0,0,0,0,11,1,0000,1,,,IMMEDIATE,,,,ALUOUT[7downto0],DATA2OUT,XXXXXXXXXXXXXXXXXXXXXXXXXXXXXXXXXXXXXXXXXXXXXXXXXXXXXXXXXXXXXXXX,ALUOUT,,,,,,,,,,,,,,,,,,,
i-type,10100111,00000000001100000000001100010011,00000000000000000000000000000011,0000000,00000,00000,000,00110,0010011,0,0,0,0,11,1,0000,1,,,IMMEDIATE,,,,ALUOUT[7downto0],DATA2OUT,XXXXXXXXXXXXXXXXXXXXXXXXXXXXXXXXXXXXXXXXXXXXXXXXXXXXXXXXXXXXXXXX,ALUOUT,,,,,,,,,,,,,,,,,,,
r-type,10101000,00000000000000000000001110110011,00000000000000000000001110110011,0000000,00000,00000,000,00111,0110011,0,0,0,0,10,1,0000,0,,,DATA2OUT,,,,ALUOUT[7downto0],DATA2OUT,XXXXXXXXXXXXXXXXXXXXXXXXXXXXXXXXXXXXXXXXXXXXXXXXXXXXXXXXXXXXXXXX,ALUOUT,,,,,,,,,,,,,,,,,,,
r-type,10101001,00000000000000110000010000110011,00000000000000110000010000110011,0000000,00000,00110,000,01000,0110011,0,0,0,0,10,1,0000,0,,,DATA2OUT,,,,ALUOUT[7downto0],DATA2OUT,XXXXXXXXXXXXXXXXXXXXXXXXXXXXXXXXXXXXXXXXXXXXXXXXXXXXXXXXXXXXXXXX,ALUOUT,,,,,,,,,,,,,,,,,,,
sb-type,10101010,00000000011101000000010101100011,00000000000000000000000000001010,0000000,00111,01000,000,00000,1100011,1,0,X,0,01,0,0010,0,,,DATA2OUT,,,,ALUOUT[7downto0],DATA2OUT,XXXXXXXXXXXXXXXXXXXXXXXXXXXXXXXXXXXXXXXXXXXXXXXXXXXXXXXXXXXXXXXX,XXXXXXXXXXXXXXXXXXXXXXXXXXXXXXXXXXXXXXXXXXXXXXXXXXXXXXXXXXXXXXXX,,,,,,,,,,,,,,,,,,,
sb-type,10101011,00000000011101000100010001100011,00000000000000000000000000001000,0000000,00111,01000,100,00000,1100011,1,0,X,0,01,0,0010,0,,,DATA2OUT,,,,ALUOUT[7downto0],DATA2OUT,XXXXXXXXXXXXXXXXXXXXXXXXXXXXXXXXXXXXXXXXXXXXXXXXXXXXXXXXXXXXXXXX,XXXXXXXXXXXXXXXXXXXXXXXXXXXXXXXXXXXXXXXXXXXXXXXXXXXXXXXXXXXXXXXX,,,,,,,,,,,,,,,,,,,
i-type,10101100,00000000000100111000001110010011,00000000000000000000000000000001,0000000,00000,00111,000,00111,0010011,0,0,0,0,11,1,0000,1,,,IMMEDIATE,,,,ALUOUT[7downto0],DATA2OUT,XXXXXXXXXXXXXXXXXXXXXXXXXXXXXXXXXXXXXXXXXXXXXXXXXXXXXXXXXXXXXXXX,ALUOUT,,,,,,,,,,,,,,,,,,,
sb-type,10101101,00000000011000101001001001100011,00000000000000000000000000000100,0000000,00110,00101,001,00000,1100011,1,0,X,0,01,0,0010,0,,,DATA2OUT,,,,ALUOUT[7downto0],DATA2OUT,XXXXXXXXXXXXXXXXXXXXXXXXXXXXXXXXXXXXXXXXXXXXXXXXXXXXXXXXXXXXXXXX,XXXXXXXXXXXXXXXXXXXXXXXXXXXXXXXXXXXXXXXXXXXXXXXXXXXXXXXXXXXXXXXX,,,,,,,,,,,,,,,,,,,
i-type,10101110,11111111111100101000001010010011,00000000000000000000111111111111,1111111,00000,00101,000,00101,0010011,0,0,0,0,11,1,0000,1,,,IMMEDIATE,,,,ALUOUT[7downto0],DATA2OUT,XXXXXXXXXXXXXXXXXXXXXXXXXXXXXXXXXXXXXXXXXXXXXXXXXXXXXXXXXXXXXXXX,ALUOUT,,,,,,,,,,,,,,,,,,,
sb-type,10101111,11111110100000111100111001100011,00000000000000000001011111111100,0000000,01000,00111,100,00000,1100011,1,0,X,0,01,0,0010,0,,,DATA2OUT,,,,ALUOUT[7downto0],DATA2OUT,XXXXXXXXXXXXXXXXXXXXXXXXXXXXXXXXXXXXXXXXXXXXXXXXXXXXXXXXXXXXXXXX,XXXXXXXXXXXXXXXXXXXXXXXXXXXXXXXXXXXXXXXXXXXXXXXXXXXXXXXXXXXXXXXX,,,,,,,,,,,,,,,,,,,
sb-type,10110000,00000000000000000000001001100011,00000000000000000000000000000100,0000000,00000,00000,000,00000,1100011,1,0,X,0,01,0,0010,0,,,DATA2OUT,,,,ALUOUT[7downto0],DATA2OUT,XXXXXXXXXXXXXXXXXXXXXXXXXXXXXXXXXXXXXXXXXXXXXXXXXXXXXXXXXXXXXXXX,XXXXXXXXXXXXXXXXXXXXXXXXXXXXXXXXXXXXXXXXXXXXXXXXXXXXXXXXXXXXXXXX,,,,,,,,,,,,,,,,,,,
i-type,10110001,11111111111100110000001100010011,00000000000000000000111111111111,1111111,00000,00110,000,00110,0010011,0,0,0,0,11,1,0000,1,,,IMMEDIATE,,,,ALUOUT[7downto0],DATA2OUT,XXXXXXXXXXXXXXXXXXXXXXXXXXXXXXXXXXXXXXXXXXXXXXXXXXXXXXXXXXXXXXXX,ALUOUT,,,,,,,,,,,,,,,,,,,
sb-type,10110010,11111110100000111100110101100011,00000000000000000001011111111010,0000000,01000,00111,100,00000,1100011,1,0,X,0,01,0,0010,0,,,DATA2OUT,,,,ALUOUT[7downto0],DATA2OUT,XXXXXXXXXXXXXXXXXXXXXXXXXXXXXXXXXXXXXXXXXXXXXXXXXXXXXXXXXXXXXXXX,XXXXXXXXXXXXXXXXXXXXXXXXXXXXXXXXXXXXXXXXXXXXXXXXXXXXXXXXXXXXXXXX,,,,,,,,,,,,,,,,,,,
sb-type,10110011,00000000000000000001010001100011,00000000000000000000000000001000,0000000,00000,00000,001,00000,1100011,1,0,X,0,01,0,0010,0,,,DATA2OUT,,,,ALUOUT[7downto0],DATA2OUT,XXXXXXXXXXXXXXXXXXXXXXXXXXXXXXXXXXXXXXXXXXXXXXXXXXXXXXXXXXXXXXXX,XXXXXXXXXXXXXXXXXXXXXXXXXXXXXXXXXXXXXXXXXXXXXXXXXXXXXXXXXXXXXXXX,,,,,,,,,,,,,,,,,,,
ld-type,10110100,00000000001000000011001010000011,00000000000000000000000000000010,0000000,00000,00000,011,00101,0000011,0,1,1,0,00,1,0000,1,,,IMMEDIATE,,,,ALUOUT[7downto0],DATA2OUT,,MEMOUT,,,,,,,,,,,,,,,,,,,
ld-type,10110101,00000000001000000011001100000011,00000000000000000000000000000010,0000000,00000,00000,011,00110,0000011,0,1,1,0,00,1,0000,1,,,IMMEDIATE,,,,ALUOUT[7downto0],DATA2OUT,,MEMOUT,,,,,,,,,,,,,,,,,,,
ld-type,10110110,00000000001000000011001110000011,00000000000000000000000000000010,0000000,00000,00000,011,00111,0000011,0,1,1,0,00,1,0000,1,,,IMMEDIATE,,,,ALUOUT[7downto0],DATA2OUT,,MEMOUT,,,,,,,,,,,,,,,,,,,
ld-type,10110111,00000000001000000011010000000011,00000000000000000000000000000010,0000000,00000,00000,011,01000,0000011,0,1,1,0,00,1,0000,1,,,IMMEDIATE,,,,ALUOUT[7downto0],DATA2OUT,,MEMOUT,,,,,,,,,,,,,,,,,,,
ld-type,10111000,00000000001000000011010010000011,00000000000000000000000000000010,0000000,00000,00000,011,01001,0000011,0,1,1,0,00,1,0000,1,,,IMMEDIATE,,,,ALUOUT[7downto0],DATA2OUT,,MEMOUT,,,,,,,,,,,,,,,,,,,
ld-type,10111001,00000000001000000011100100000011,00000000000000000000000000000010,0000000,00000,00000,011,10010,0000011,0,1,1,0,00,1,0000,1,,,IMMEDIATE,,,,ALUOUT[7downto0],DATA2OUT,,MEMOUT,,,,,,,,,,,,,,,,,,,
ld-type,10111010,00000000001000000011100110000011,00000000000000000000000000000010,0000000,00000,00000,011,10011,0000011,0,1,1,0,00,1,0000,1,,,IMMEDIATE,,,,ALUOUT[7downto0],DATA2OUT,,MEMOUT,,,,,,,,,,,,,,,,,,,
ld-type,10111011,00000000001000000011101000000011,00000000000000000000000000000010,0000000,00000,00000,011,10100,0000011,0,1,1,0,00,1,0000,1,,,IMMEDIATE,,,,ALUOUT[7downto0],DATA2OUT,,MEMOUT,,,,,,,,,,,,,,,,,,,
ld-type,10111100,00000000001000000011101010000011,00000000000000000000000000000010,0000000,00000,00000,011,10101,0000011,0,1,1,0,00,1,0000,1,,,IMMEDIATE,,,,ALUOUT[7downto0],DATA2OUT,,MEMOUT,,,,,,,,,,,,,,,,,,,
ld-type,10111101,00000000001000000011101100000011,00000000000000000000000000000010,0000000,00000,00000,011,10110,0000011,0,1,1,0,00,1,0000,1,,,IMMEDIATE,,,,ALUOUT[7downto0],DATA2OUT,,MEMOUT,,,,,,,,,,,,,,,,,,,
ld-type,10111110,00000000001000000011101110000011,00000000000000000000000000000010,0000000,00000,00000,011,10111,0000011,0,1,1,0,00,1,0000,1,,,IMMEDIATE,,,,ALUOUT[7downto0],DATA2OUT,,MEMOUT,,,,,,,,,,,,,,,,,,,
ld-type,10111111,00000000001000000011110000000011,00000000000000000000000000000010,0000000,00000,00000,011,11000,0000011,0,1,1,0,00,1,0000,1,,,IMMEDIATE,,,,ALUOUT[7downto0],DATA2OUT,,MEMOUT,,,,,,,,,,,,,,,,,,,
ld-type,11000000,00000000001000000011110010000011,00000000000000000000000000000010,0000000,00000,00000,011,11001,0000011,0,1,1,0,00,1,0000,1,,,IMMEDIATE,,,,ALUOUT[7downto0],DATA2OUT,,MEMOUT,,,,,,,,,,,,,,,,,,,
ld-type,11000001,00000000001000000011110100000011,00000000000000000000000000000010,0000000,00000,00000,011,11010,0000011,0,1,1,0,00,1,0000,1,,,IMMEDIATE,,,,ALUOUT[7downto0],DATA2OUT,,MEMOUT,,,,,,,,,,,,,,,,,,,
ld-type,11000010,00000000001000000011110110000011,00000000000000000000000000000010,0000000,00000,00000,011,11011,0000011,0,1,1,0,00,1,0000,1,,,IMMEDIATE,,,,ALUOUT[7downto0],DATA2OUT,,MEMOUT,,,,,,,,,,,,,,,,,,,
ld-type,11000011,00000000001000000011111000000011,00000000000000000000000000000010,0000000,00000,00000,011,11100,0000011,0,1,1,0,00,1,0000,1,,,IMMEDIATE,,,,ALUOUT[7downto0],DATA2OUT,,MEMOUT,,,,,,,,,,,,,,,,,,,
ld-type,11000100,00000000001000000011111010000011,00000000000000000000000000000010,0000000,00000,00000,011,11101,0000011,0,1,1,0,00,1,0000,1,,,IMMEDIATE,,,,ALUOUT[7downto0],DATA2OUT,,MEMOUT,,,,,,,,,,,,,,,,,,,
ld-type,11000101,00000000001000000011111100000011,00000000000000000000000000000010,0000000,00000,00000,011,11110,0000011,0,1,1,0,00,1,0000,1,,,IMMEDIATE,,,,ALUOUT[7downto0],DATA2OUT,,MEMOUT,,,,,,,,,,,,,,,,,,,
ld-type,11000110,00000000001000000011111110000011,00000000000000000000000000000010,0000000,00000,00000,011,11111,0000011,0,1,1,0,00,1,0000,1,,,IMMEDIATE,,,,ALUOUT[7downto0],DATA2OUT,,MEMOUT,,,,,,,,,,,,,,,,,,,
i-type,11000111,00000001010011111000111000010011,00000000000000000000000000010100,0000000,00000,11111,000,11100,0010011,0,0,0,0,11,1,0000,1,,,IMMEDIATE,,,,ALUOUT[7downto0],DATA2OUT,XXXXXXXXXXXXXXXXXXXXXXXXXXXXXXXXXXXXXXXXXXXXXXXXXXXXXXXXXXXXXXXX,ALUOUT,,,,,,,,,,,,,,,,,,,
i-type,11001000,00000001111001001001111100010011,00000000000000000000000000011110,0000000,00000,01001,001,11110,0010011,0,0,0,0,11,1,0001,1,,,IMMEDIATE,,,,ALUOUT[7downto0],DATA2OUT,XXXXXXXXXXXXXXXXXXXXXXXXXXXXXXXXXXXXXXXXXXXXXXXXXXXXXXXXXXXXXXXX,ALUOUT,,,,,,,,,,,,,,,,,,,
i-type,11001001,00000001100011100100111100010011,00000000000000000000000000011000,0000000,00000,11100,100,11110,0010011,0,0,0,0,11,1,0100,1,,,IMMEDIATE,,,,ALUOUT[7downto0],DATA2OUT,XXXXXXXXXXXXXXXXXXXXXXXXXXXXXXXXXXXXXXXXXXXXXXXXXXXXXXXXXXXXXXXX,ALUOUT,,,,,,,,,,,,,,,,,,,
i-type,11001010,00000001111100111101111000010011,00000000000000000000000000011111,0000000,00000,00111,101,11100,0010011,0,0,0,0,11,1,0101,1,,,IMMEDIATE,,,,ALUOUT[7downto0],DATA2OUT,XXXXXXXXXXXXXXXXXXXXXXXXXXXXXXXXXXXXXXXXXXXXXXXXXXXXXXXXXXXXXXXX,ALUOUT,,,,,,,,,,,,,,,,,,,
i-type,11001011,01000000010111100101110010010011,00000000000000000000010000000101,0100000,00000,11100,101,11001,0010011,0,0,0,0,11,1,0011,1,,,IMMEDIATE,,,,ALUOUT[7downto0],DATA2OUT,XXXXXXXXXXXXXXXXXXXXXXXXXXXXXXXXXXXXXXXXXXXXXXXXXXXXXXXXXXXXXXXX,ALUOUT,,,,,,,,,,,,,,,,,,,
i-type,11001100,00000001010111110110010010010011,00000000000000000000000000010101,0000000,00000,11110,110,01001,0010011,0,0,0,0,11,1,0110,1,,,IMMEDIATE,,,,ALUOUT[7downto0],DATA2OUT,XXXXXXXXXXXXXXXXXXXXXXXXXXXXXXXXXXXXXXXXXXXXXXXXXXXXXXXXXXXXXXXX,ALUOUT,,,,,,,,,,,,,,,,,,,
sb-type,11001101,00000001011101001000000101100011,00000000000000000000000000000010,0000000,10111,01001,000,00000,1100011,1,0,X,0,01,0,0010,0,,,DATA2OUT,,,,ALUOUT[7downto0],DATA2OUT,XXXXXXXXXXXXXXXXXXXXXXXXXXXXXXXXXXXXXXXXXXXXXXXXXXXXXXXXXXXXXXXX,XXXXXXXXXXXXXXXXXXXXXXXXXXXXXXXXXXXXXXXXXXXXXXXXXXXXXXXXXXXXXXXX,,,,,,,,,,,,,,,,,,,
sb-type,11001110,00000001100100110000000101100011,00000000000000000000000000000010,0000000,11001,00110,000,00000,1100011,1,0,X,0,01,0,0010,0,,,DATA2OUT,,,,ALUOUT[7downto0],DATA2OUT,XXXXXXXXXXXXXXXXXXXXXXXXXXXXXXXXXXXXXXXXXXXXXXXXXXXXXXXXXXXXXXXX,XXXXXXXXXXXXXXXXXXXXXXXXXXXXXXXXXXXXXXXXXXXXXXXXXXXXXXXXXXXXXXXX,,,,,,,,,,,,,,,,,,,
i-type,11001111,00000001010010011111101000010011,00000000000000000000000000010100,0000000,00000,10011,111,10100,0010011,0,0,0,0,11,1,0111,1,,,IMMEDIATE,,,,ALUOUT[7downto0],DATA2OUT,XXXXXXXXXXXXXXXXXXXXXXXXXXXXXXXXXXXXXXXXXXXXXXXXXXXXXXXXXXXXXXXX,ALUOUT,,,,,,,,,,,,,,,,,,,
r-type,11010000,00000000011000111000110110110011,00000000011000111000110110110011,0000000,00110,00111,000,11011,0110011,0,0,0,0,10,1,0000,0,,,DATA2OUT,,,,ALUOUT[7downto0],DATA2OUT,XXXXXXXXXXXXXXXXXXXXXXXXXXXXXXXXXXXXXXXXXXXXXXXXXXXXXXXXXXXXXXXX,ALUOUT,,,,,,,,,,,,,,,,,,,
r-type,11010001,01000000011111000000111010110011,01000000011111000000111010110011,0100000,00111,11000,000,11101,0110011,0,0,0,0,10,1,0010,0,,,DATA2OUT,,,,ALUOUT[7downto0],DATA2OUT,XXXXXXXXXXXXXXXXXXXXXXXXXXXXXXXXXXXXXXXXXXXXXXXXXXXXXXXXXXXXXXXX,ALUOUT,,,,,,,,,,,,,,,,,,,
r-type,11010010,00000001001010110001101010110011,00000001001010110001101010110011,0000000,10010,10110,001,10101,0110011,0,0,0,0,10,1,0001,0,,,DATA2OUT,,,,ALUOUT[7downto0],DATA2OUT,XXXXXXXXXXXXXXXXXXXXXXXXXXXXXXXXXXXXXXXXXXXXXXXXXXXXXXXXXXXXXXXX,ALUOUT,,,,,,,,,,,,,,,,,,,
sb-type,11010011,00000000100110010001001001100011,00000000000000000000000000000100,0000000,01001,10010,001,00000,1100011,1,0,X,0,01,0,0010,0,,,DATA2OUT,,,,ALUOUT[7downto0],DATA2OUT,XXXXXXXXXXXXXXXXXXXXXXXXXXXXXXXXXXXXXXXXXXXXXXXXXXXXXXXXXXXXXXXX,XXXXXXXXXXXXXXXXXXXXXXXXXXXXXXXXXXXXXXXXXXXXXXXXXXXXXXXXXXXXXXXX,,,,,,,,,,,,,,,,,,,
sb-type,11010100,00000000011111110001001001100011,00000000000000000000000000000100,0000000,00111,11110,001,00000,1100011,1,0,X,0,01,0,0010,0,,,DATA2OUT,,,,ALUOUT[7downto0],DATA2OUT,XXXXXXXXXXXXXXXXXXXXXXXXXXXXXXXXXXXXXXXXXXXXXXXXXXXXXXXXXXXXXXXX,XXXXXXXXXXXXXXXXXXXXXXXXXXXXXXXXXXXXXXXXXXXXXXXXXXXXXXXXXXXXXXXX,,,,,,,,,,,,,,,,,,,
r-type,11010101,01100111010110011100001100110011,01100111010110011100001100110011,0110011,10101,10011,100,00110,0110011,0,0,0,0,10,1,0100,0,,,DATA2OUT,,,,ALUOUT[7downto0],DATA2OUT,XXXXXXXXXXXXXXXXXXXXXXXXXXXXXXXXXXXXXXXXXXXXXXXXXXXXXXXXXXXXXXXX,ALUOUT,,,,,,,,,,,,,,,,,,,
r-type,11010110,00000000011011111101001010110011,00000000011011111101001010110011,0000000,00110,11111,101,00101,0110011,0,0,0,0,10,1,0101,0,,,DATA2OUT,,,,ALUOUT[7downto0],DATA2OUT,XXXXXXXXXXXXXXXXXXXXXXXXXXXXXXXXXXXXXXXXXXXXXXXXXXXXXXXXXXXXXXXX,ALUOUT,,,,,,,,,,,,,,,,,,,
r-type,11010111,00100111001011010101110000110011,00100111001011010101110000110011,0010011,10010,11010,101,11000,0110011,0,0,0,0,10,1,0011,0,,,DATA2OUT,,,,ALUOUT[7downto0],DATA2OUT,XXXXXXXXXXXXXXXXXXXXXXXXXXXXXXXXXXXXXXXXXXXXXXXXXXXXXXXXXXXXXXXX,ALUOUT,,,,,,,,,,,,,,,,,,,
r-type,11011000,00000001100111101110110110110011,00000001100111101110110110110011,0000000,11001,11101,110,11011,0110011,0,0,0,0,10,1,0110,0,,,DATA2OUT,,,,ALUOUT[7downto0],DATA2OUT,XXXXXXXXXXXXXXXXXXXXXXXXXXXXXXXXXXXXXXXXXXXXXXXXXXXXXXXXXXXXXXXX,ALUOUT,,,,,,,,,,,,,,,,,,,
r-type,11011001,00000001100011110111101110110011,00000001100011110111101110110011,0000000,11000,11110,111,10111,0110011,0,0,0,0,10,1,0111,0,,,DATA2OUT,,,,ALUOUT[7downto0],DATA2OUT,XXXXXXXXXXXXXXXXXXXXXXXXXXXXXXXXXXXXXXXXXXXXXXXXXXXXXXXXXXXXXXXX,ALUOUT,,,,,,,,,,,,,,,,,,,
sb-type,11011010,00000000100110010100001101100011,00000000000000000000000000000110,0000000,01001,10010,100,00000,1100011,1,0,X,0,01,0,0010,0,,,DATA2OUT,,,,ALUOUT[7downto0],DATA2OUT,XXXXXXXXXXXXXXXXXXXXXXXXXXXXXXXXXXXXXXXXXXXXXXXXXXXXXXXXXXXXXXXX,XXXXXXXXXXXXXXXXXXXXXXXXXXXXXXXXXXXXXXXXXXXXXXXXXXXXXXXXXXXXXXXX,,,,,,,,,,,,,,,,,,,
sb-type,11011011,00000001011101001100001101100011,00000000000000000000000000000110,0000000,10111,01001,100,00000,1100011,1,0,X,0,01,0,0010,0,,,DATA2OUT,,,,ALUOUT[7downto0],DATA2OUT,XXXXXXXXXXXXXXXXXXXXXXXXXXXXXXXXXXXXXXXXXXXXXXXXXXXXXXXXXXXXXXXX,XXXXXXXXXXXXXXXXXXXXXXXXXXXXXXXXXXXXXXXXXXXXXXXXXXXXXXXXXXXXXXXX,,,,,,,,,,,,,,,,,,,
s-type,11011100,00000001010000000111010010100011,00000000000000000000000000001001,0000000,10100,00000,111,00000,0100011,0,0,X,1,00,0,0000,1,,,IMMEDIATE,,,,ALUOUT[7downto0],DATA2OUT,XXXXXXXXXXXXXXXXXXXXXXXXXXXXXXXXXXXXXXXXXXXXXXXXXXXXXXXXXXXXXXXX,XXXXXXXXXXXXXXXXXXXXXXXXXXXXXXXXXXXXXXXXXXXXXXXXXXXXXXXXXXXXXXXX,,,,,,,,,,,,,,,,,,,
s-type,11011101,00000001100000000111100110100011,00000000000000000000000000010011,0000000,11000,00000,111,00000,0100011,0,0,X,1,00,0,0000,1,,,IMMEDIATE,,,,ALUOUT[7downto0],DATA2OUT,XXXXXXXXXXXXXXXXXXXXXXXXXXXXXXXXXXXXXXXXXXXXXXXXXXXXXXXXXXXXXXXX,XXXXXXXXXXXXXXXXXXXXXXXXXXXXXXXXXXXXXXXXXXXXXXXXXXXXXXXXXXXXXXXX,,,,,,,,,,,,,,,,,,,
s-type,11011110,00000001100100000111001100100011,00000000000000000000000000000110,0000000,11001,00000,111,00000,0100011,0,0,X,1,00,0,0000,1,,,IMMEDIATE,,,,ALUOUT[7downto0],DATA2OUT,XXXXXXXXXXXXXXXXXXXXXXXXXXXXXXXXXXXXXXXXXXXXXXXXXXXXXXXXXXXXXXXX,XXXXXXXXXXXXXXXXXXXXXXXXXXXXXXXXXXXXXXXXXXXXXXXXXXXXXXXXXXXXXXXX,,,,,,,,,,,,,,,,,,,
ld-type,11011111,00000000100100000011001110000011,00000000000000000000000000001001,0000000,00000,00000,011,00111,0000011,0,1,1,0,00,1,0000,1,,,IMMEDIATE,,,,ALUOUT[7downto0],DATA2OUT,,MEMOUT,,,,,,,,,,,,,,,,,,,
ld-type,11100000,00000001001100000011010010000011,00000000000000000000000000010011,0000000,00000,00000,011,01001,0000011,0,1,1,0,00,1,0000,1,,,IMMEDIATE,,,,ALUOUT[7downto0],DATA2OUT,,MEMOUT,,,,,,,,,,,,,,,,,,,
ld-type,11100001,00000000011000000011101000000011,00000000000000000000000000000110,0000000,00000,00000,011,10100,0000011,0,1,1,0,00,1,0000,1,,,IMMEDIATE,,,,ALUOUT[7downto0],DATA2OUT,,MEMOUT,,,,,,,,,,,,,,,,,,,
i-type,11100010,00000000001000000000001010010011,00000000000000000000000000000010,0000000,00000,00000,000,00101,0010011,0,0,0,0,11,1,0000,1,,,IMMEDIATE,,,,ALUOUT[7downto0],DATA2OUT,XXXXXXXXXXXXXXXXXXXXXXXXXXXXXXXXXXXXXXXXXXXXXXXXXXXXXXXXXXXXXXXX,ALUOUT,,,,,,,,,,,,,,,,,,,
i-type,11100011,00000000001100000000001100010011,00000000000000000000000000000011,0000000,00000,00000,000,00110,0010011,0,0,0,0,11,1,0000,1,,,IMMEDIATE,,,,ALUOUT[7downto0],DATA2OUT,XXXXXXXXXXXXXXXXXXXXXXXXXXXXXXXXXXXXXXXXXXXXXXXXXXXXXXXXXXXXXXXX,ALUOUT,,,,,,,,,,,,,,,,,,,
r-type,11100100,00000000000000000000001110110011,00000000000000000000001110110011,0000000,00000,00000,000,00111,0110011,0,0,0,0,10,1,0000,0,,,DATA2OUT,,,,ALUOUT[7downto0],DATA2OUT,XXXXXXXXXXXXXXXXXXXXXXXXXXXXXXXXXXXXXXXXXXXXXXXXXXXXXXXXXXXXXXXX,ALUOUT,,,,,,,,,,,,,,,,,,,
r-type,11100101,00000000000000110000010000110011,00000000000000110000010000110011,0000000,00000,00110,000,01000,0110011,0,0,0,0,10,1,0000,0,,,DATA2OUT,,,,ALUOUT[7downto0],DATA2OUT,XXXXXXXXXXXXXXXXXXXXXXXXXXXXXXXXXXXXXXXXXXXXXXXXXXXXXXXXXXXXXXXX,ALUOUT,,,,,,,,,,,,,,,,,,,
sb-type,11100110,00000000011101000000010101100011,00000000000000000000000000001010,0000000,00111,01000,000,00000,1100011,1,0,X,0,01,0,0010,0,,,DATA2OUT,,,,ALUOUT[7downto0],DATA2OUT,XXXXXXXXXXXXXXXXXXXXXXXXXXXXXXXXXXXXXXXXXXXXXXXXXXXXXXXXXXXXXXXX,XXXXXXXXXXXXXXXXXXXXXXXXXXXXXXXXXXXXXXXXXXXXXXXXXXXXXXXXXXXXXXXX,,,,,,,,,,,,,,,,,,,
sb-type,11100111,00000000011101000100010001100011,00000000000000000000000000001000,0000000,00111,01000,100,00000,1100011,1,0,X,0,01,0,0010,0,,,DATA2OUT,,,,ALUOUT[7downto0],DATA2OUT,XXXXXXXXXXXXXXXXXXXXXXXXXXXXXXXXXXXXXXXXXXXXXXXXXXXXXXXXXXXXXXXX,XXXXXXXXXXXXXXXXXXXXXXXXXXXXXXXXXXXXXXXXXXXXXXXXXXXXXXXXXXXXXXXX,,,,,,,,,,,,,,,,,,,
i-type,11101000,00000000000100111000001110010011,00000000000000000000000000000001,0000000,00000,00111,000,00111,0010011,0,0,0,0,11,1,0000,1,,,IMMEDIATE,,,,ALUOUT[7downto0],DATA2OUT,XXXXXXXXXXXXXXXXXXXXXXXXXXXXXXXXXXXXXXXXXXXXXXXXXXXXXXXXXXXXXXXX,ALUOUT,,,,,,,,,,,,,,,,,,,
sb-type,11101001,00000000011000101001001001100011,00000000000000000000000000000100,0000000,00110,00101,001,00000,1100011,1,0,X,0,01,0,0010,0,,,DATA2OUT,,,,ALUOUT[7downto0],DATA2OUT,XXXXXXXXXXXXXXXXXXXXXXXXXXXXXXXXXXXXXXXXXXXXXXXXXXXXXXXXXXXXXXXX,XXXXXXXXXXXXXXXXXXXXXXXXXXXXXXXXXXXXXXXXXXXXXXXXXXXXXXXXXXXXXXXX,,,,,,,,,,,,,,,,,,,
i-type,11101010,11111111111100101000001010010011,00000000000000000000111111111111,1111111,00000,00101,000,00101,0010011,0,0,0,0,11,1,0000,1,,,IMMEDIATE,,,,ALUOUT[7downto0],DATA2OUT,XXXXXXXXXXXXXXXXXXXXXXXXXXXXXXXXXXXXXXXXXXXXXXXXXXXXXXXXXXXXXXXX,ALUOUT,,,,,,,,,,,,,,,,,,,
sb-type,11101011,11111110100000111100111001100011,00000000000000000001011111111100,0000000,01000,00111,100,00000,1100011,1,0,X,0,01,0,0010,0,,,DATA2OUT,,,,ALUOUT[7downto0],DATA2OUT,XXXXXXXXXXXXXXXXXXXXXXXXXXXXXXXXXXXXXXXXXXXXXXXXXXXXXXXXXXXXXXXX,XXXXXXXXXXXXXXXXXXXXXXXXXXXXXXXXXXXXXXXXXXXXXXXXXXXXXXXXXXXXXXXX,,,,,,,,,,,,,,,,,,,
sb-type,11101100,00000000000000000000001001100011,00000000000000000000000000000100,0000000,00000,00000,000,00000,1100011,1,0,X,0,01,0,0010,0,,,DATA2OUT,,,,ALUOUT[7downto0],DATA2OUT,XXXXXXXXXXXXXXXXXXXXXXXXXXXXXXXXXXXXXXXXXXXXXXXXXXXXXXXXXXXXXXXX,XXXXXXXXXXXXXXXXXXXXXXXXXXXXXXXXXXXXXXXXXXXXXXXXXXXXXXXXXXXXXXXX,,,,,,,,,,,,,,,,,,,
i-type,11101101,11111111111100110000001100010011,00000000000000000000111111111111,1111111,00000,00110,000,00110,0010011,0,0,0,0,11,1,0000,1,,,IMMEDIATE,,,,ALUOUT[7downto0],DATA2OUT,XXXXXXXXXXXXXXXXXXXXXXXXXXXXXXXXXXXXXXXXXXXXXXXXXXXXXXXXXXXXXXXX,ALUOUT,,,,,,,,,,,,,,,,,,,
sb-type,11101110,11111110100000111100110101100011,00000000000000000001011111111010,0000000,01000,00111,100,00000,1100011,1,0,X,0,01,0,0010,0,,,DATA2OUT,,,,ALUOUT[7downto0],DATA2OUT,XXXXXXXXXXXXXXXXXXXXXXXXXXXXXXXXXXXXXXXXXXXXXXXXXXXXXXXXXXXXXXXX,XXXXXXXXXXXXXXXXXXXXXXXXXXXXXXXXXXXXXXXXXXXXXXXXXXXXXXXXXXXXXXXX,,,,,,,,,,,,,,,,,,,
sb-type,11101111,00000000000000000001010001100011,00000000000000000000000000001000,0000000,00000,00000,001,00000,1100011,1,0,X,0,01,0,0010,0,,,DATA2OUT,,,,ALUOUT[7downto0],DATA2OUT,XXXXXXXXXXXXXXXXXXXXXXXXXXXXXXXXXXXXXXXXXXXXXXXXXXXXXXXXXXXXXXXX,XXXXXXXXXXXXXXXXXXXXXXXXXXXXXXXXXXXXXXXXXXXXXXXXXXXXXXXXXXXXXXXX,,,,,,,,,,,,,,,,,,,
ld-type,11110000,00000000001000000011001010000011,00000000000000000000000000000010,0000000,00000,00000,011,00101,0000011,0,1,1,0,00,1,0000,1,,,IMMEDIATE,,,,ALUOUT[7downto0],DATA2OUT,,MEMOUT,,,,,,,,,,,,,,,,,,,
ld-type,11110001,00000000001000000011001100000011,00000000000000000000000000000010,0000000,00000,00000,011,00110,0000011,0,1,1,0,00,1,0000,1,,,IMMEDIATE,,,,ALUOUT[7downto0],DATA2OUT,,MEMOUT,,,,,,,,,,,,,,,,,,,
ld-type,11110010,00000000001000000011001110000011,00000000000000000000000000000010,0000000,00000,00000,011,00111,0000011,0,1,1,0,00,1,0000,1,,,IMMEDIATE,,,,ALUOUT[7downto0],DATA2OUT,,MEMOUT,,,,,,,,,,,,,,,,,,,
ld-type,11110011,00000000001000000011010000000011,00000000000000000000000000000010,0000000,00000,00000,011,01000,0000011,0,1,1,0,00,1,0000,1,,,IMMEDIATE,,,,ALUOUT[7downto0],DATA2OUT,,MEMOUT,,,,,,,,,,,,,,,,,,,
ld-type,11110100,00000000001000000011010010000011,00000000000000000000000000000010,0000000,00000,00000,011,01001,0000011,0,1,1,0,00,1,0000,1,,,IMMEDIATE,,,,ALUOUT[7downto0],DATA2OUT,,MEMOUT,,,,,,,,,,,,,,,,,,,
ld-type,11110101,00000000001000000011100100000011,00000000000000000000000000000010,0000000,00000,00000,011,10010,0000011,0,1,1,0,00,1,0000,1,,,IMMEDIATE,,,,ALUOUT[7downto0],DATA2OUT,,MEMOUT,,,,,,,,,,,,,,,,,,,
ld-type,11110110,00000000001000000011100110000011,00000000000000000000000000000010,0000000,00000,00000,011,10011,0000011,0,1,1,0,00,1,0000,1,,,IMMEDIATE,,,,ALUOUT[7downto0],DATA2OUT,,MEMOUT,,,,,,,,,,,,,,,,,,,
ld-type,11110111,00000000001000000011101000000011,00000000000000000000000000000010,0000000,00000,00000,011,10100,0000011,0,1,1,0,00,1,0000,1,,,IMMEDIATE,,,,ALUOUT[7downto0],DATA2OUT,,MEMOUT,,,,,,,,,,,,,,,,,,,
ld-type,11111000,00000000001000000011101010000011,00000000000000000000000000000010,0000000,00000,00000,011,10101,0000011,0,1,1,0,00,1,0000,1,,,IMMEDIATE,,,,ALUOUT[7downto0],DATA2OUT,,MEMOUT,,,,,,,,,,,,,,,,,,,
ld-type,11111001,00000000001000000011101100000011,00000000000000000000000000000010,0000000,00000,00000,011,10110,0000011,0,1,1,0,00,1,0000,1,,,IMMEDIATE,,,,ALUOUT[7downto0],DATA2OUT,,MEMOUT,,,,,,,,,,,,,,,,,,,
ld-type,11111010,00000000001000000011101110000011,00000000000000000000000000000010,0000000,00000,00000,011,10111,0000011,0,1,1,0,00,1,0000,1,,,IMMEDIATE,,,,ALUOUT[7downto0],DATA2OUT,,MEMOUT,,,,,,,,,,,,,,,,,,,
ld-type,11111011,00000000001000000011110000000011,00000000000000000000000000000010,0000000,00000,00000,011,11000,0000011,0,1,1,0,00,1,0000,1,,,IMMEDIATE,,,,ALUOUT[7downto0],DATA2OUT,,MEMOUT,,,,,,,,,,,,,,,,,,,
ld-type,11111100,00000000001000000011110010000011,00000000000000000000000000000010,0000000,00000,00000,011,11001,0000011,0,1,1,0,00,1,0000,1,,,IMMEDIATE,,,,ALUOUT[7downto0],DATA2OUT,,MEMOUT,,,,,,,,,,,,,,,,,,,
ld-type,11111101,00000000001000000011110100000011,00000000000000000000000000000010,0000000,00000,00000,011,11010,0000011,0,1,1,0,00,1,0000,1,,,IMMEDIATE,,,,ALUOUT[7downto0],DATA2OUT,,MEMOUT,,,,,,,,,,,,,,,,,,,
ld-type,11111110,00000000001000000011110110000011,00000000000000000000000000000010,0000000,00000,00000,011,11011,0000011,0,1,1,0,00,1,0000,1,,,IMMEDIATE,,,,ALUOUT[7downto0],DATA2OUT,,MEMOUT,,,,,,,,,,,,,,,,,,,
ld-type,11111111,00000000001000000011111000000011,00000000000000000000000000000010,0000000,00000,00000,011,11100,0000011,0,1,1,0,00,1,0000,1,,,IMMEDIATE,,,,ALUOUT[7downto0],DATA2OUT,,MEMOUT,,,,,,,,,,,,,,,,,,,
